Venue,Venue Size,Venue Type,Venue Page,Artist,Show Title,Show Date,Show Information,Ticket Purchase Page
The Union Event Center,Medium,Indoors,https://theunioneventcenter.com/,Bloc Party,"20 Years of Bloc Party: Silent Alarm & Hits, with Blonde Redhead",6/12/2025,https://theunioneventcenter.com/upcomingevents/blocparty,https://www.ticketmaster.com/20-years-of-bloc-party-silent-salt-lake-city-utah-06-12-2025/event/1E00623ED6CC44DE
The Union Event Center,Medium,Indoors,https://theunioneventcenter.com/,Blondde Redhead,"20 Years of Bloc Party: Silent Alarm & Hits, with Blonde Redhead",6/12/2025,https://theunioneventcenter.com/upcomingevents/blocparty,https://www.ticketmaster.com/20-years-of-bloc-party-silent-salt-lake-city-utah-06-12-2025/event/1E00623ED6CC44DE
The Union Event Center,Medium,Indoors,https://theunioneventcenter.com/,Family Dinner,"20 Years of Bloc Party: Silent Alarm & Hits, with Blonde Redhead",6/12/2025,https://theunioneventcenter.com/upcomingevents/blocparty,https://www.ticketmaster.com/20-years-of-bloc-party-silent-salt-lake-city-utah-06-12-2025/event/1E00623ED6CC44DE
The Union Event Center,Medium,Indoors,https://theunioneventcenter.com/,Dance Gavin Dance,Return of The Robot Tour,6/24/2025,https://theunioneventcenter.com/upcomingevents/dancegavindance,https://www.ticketmaster.com/event/1E006226BB74156F
The Union Event Center,Medium,Indoors,https://theunioneventcenter.com/,The Home Team,Return of The Robot Tour,6/24/2025,https://theunioneventcenter.com/upcomingevents/dancegavindance,https://www.ticketmaster.com/event/1E006226BB74156F
The Union Event Center,Medium,Indoors,https://theunioneventcenter.com/,Belmont,Return of The Robot Tour,6/24/2025,https://theunioneventcenter.com/upcomingevents/dancegavindance,https://www.ticketmaster.com/event/1E006226BB74156F
The Union Event Center,Medium,Indoors,https://theunioneventcenter.com/,Dwellings,Return of The Robot Tour,6/24/2025,https://theunioneventcenter.com/upcomingevents/dancegavindance,https://www.ticketmaster.com/event/1E006226BB74156F
The Union Event Center,Medium,Indoors,https://theunioneventcenter.com/,Charlotte Sands,Idobi Radio Summer School,7/20/2025,https://theunioneventcenter.com/upcomingevents/summerschool,https://www.ticketmaster.com/event/1E006273B6A7580D
The Union Event Center,Medium,Indoors,https://theunioneventcenter.com/,Taylor Acorn,Idobi Radio Summer School,7/20/2025,https://theunioneventcenter.com/upcomingevents/summerschool,https://www.ticketmaster.com/event/1E006273B6A7580D
The Union Event Center,Medium,Indoors,https://theunioneventcenter.com/,Rain City Drive,Idobi Radio Summer School,7/20/2025,https://theunioneventcenter.com/upcomingevents/summerschool,https://www.ticketmaster.com/event/1E006273B6A7580D
The Union Event Center,Medium,Indoors,https://theunioneventcenter.com/,Arrows in Action,Idobi Radio Summer School,7/20/2025,https://theunioneventcenter.com/upcomingevents/summerschool,https://www.ticketmaster.com/event/1E006273B6A7580D
The Union Event Center,Medium,Indoors,https://theunioneventcenter.com/,If Not For Me,Idobi Radio Summer School,7/20/2025,https://theunioneventcenter.com/upcomingevents/summerschool,https://www.ticketmaster.com/event/1E006273B6A7580D
The Union Event Center,Medium,Indoors,https://theunioneventcenter.com/,Beauty School Dropout,Idobi Radio Summer School,7/20/2025,https://theunioneventcenter.com/upcomingevents/summerschool,https://www.ticketmaster.com/event/1E006273B6A7580D
The Union Event Center,Medium,Indoors,https://theunioneventcenter.com/,Huddy,Idobi Radio Summer School,7/20/2025,https://theunioneventcenter.com/upcomingevents/summerschool,https://www.ticketmaster.com/event/1E006273B6A7580D
The Union Event Center,Medium,Indoors,https://theunioneventcenter.com/,Jessie Reyez,Paid in Memories Tour,7/24/2025,https://theunioneventcenter.com/upcomingevents/jessiereyez,https://www.ticketmaster.com/event/1E006281B78A36F8
The Union Event Center,Medium,Indoors,https://theunioneventcenter.com/,Raahiim,Paid in Memories Tour,7/24/2025,https://theunioneventcenter.com/upcomingevents/jessiereyez,https://www.ticketmaster.com/event/1E006281B78A36F8
The Union Event Center,Medium,Indoors,https://theunioneventcenter.com/,Oscar Maydon,Rico O Muerto Tour,7/31/2025,https://theunioneventcenter.com/upcomingevents/oscarmaydon,https://www.ticketmaster.com/event/1E00627896603466
The Union Event Center,Medium,Indoors,https://theunioneventcenter.com/,Jake Scott,Jake Scott with Special Guest Marynn Taylor,7/31/2025,https://theunioneventcenter.com/upcomingevents/jakescott25,https://www.ticketmaster.com/event/1E006288D26B39ED
The Union Event Center,Medium,Indoors,https://theunioneventcenter.com/,Marynn Taylor,Jake Scott with Special Guest Marynn Taylor,7/31/2025,https://theunioneventcenter.com/upcomingevents/jakescott25,https://www.ticketmaster.com/event/1E006288D26B39ED
The Union Event Center,Medium,Indoors,https://theunioneventcenter.com/,Dropkick Murphys,Summer of Discontent Tour,8/2/2025,https://theunioneventcenter.com/upcomingevents/dropkickmurphys,https://www.ticketmaster.com/dropkick-murphys-and-bad-religion-salt-lake-city-utah-08-02-2025/event/1E00624CB1D1302D
The Union Event Center,Medium,Indoors,https://theunioneventcenter.com/,Bad Religion,Summer of Discontent Tour,8/2/2025,https://theunioneventcenter.com/upcomingevents/dropkickmurphys,https://www.ticketmaster.com/dropkick-murphys-and-bad-religion-salt-lake-city-utah-08-02-2025/event/1E00624CB1D1302D
The Union Event Center,Medium,Indoors,https://theunioneventcenter.com/,The Mainliners,Summer of Discontent Tour,8/2/2025,https://theunioneventcenter.com/upcomingevents/dropkickmurphys,https://www.ticketmaster.com/dropkick-murphys-and-bad-religion-salt-lake-city-utah-08-02-2025/event/1E00624CB1D1302D
The Union Event Center,Medium,Indoors,https://theunioneventcenter.com/,Buena Vista Orchestra,Buena Vista Orchestra,8/7/2025,https://theunioneventcenter.com/upcomingevents/buenavista,https://www.ticketmaster.com/event/1E00626B889D0D74
The Union Event Center,Medium,Indoors,https://theunioneventcenter.com/,Less Than Jake,Summer Circus,8/8/2025,https://theunioneventcenter.com/upcomingevents/lessthanjake,https://www.ticketmaster.com/event/1E006244D0EE2E1B
The Union Event Center,Medium,Indoors,https://theunioneventcenter.com/,The Suicide Machines,Summer Circus,8/8/2025,https://theunioneventcenter.com/upcomingevents/lessthanjake,https://www.ticketmaster.com/event/1E006244D0EE2E1B
The Union Event Center,Medium,Indoors,https://theunioneventcenter.com/,Fishbone,Summer Circus,8/8/2025,https://theunioneventcenter.com/upcomingevents/lessthanjake,https://www.ticketmaster.com/event/1E006244D0EE2E1B
The Union Event Center,Medium,Indoors,https://theunioneventcenter.com/,Catbite,Summer Circus,8/8/2025,https://theunioneventcenter.com/upcomingevents/lessthanjake,https://www.ticketmaster.com/event/1E006244D0EE2E1B
The Union Event Center,Medium,Indoors,https://theunioneventcenter.com/,We Came As Romans,Bad Luck North American Tour,8/15/2025,https://theunioneventcenter.com/upcomingevents/wecameasromans,https://www.ticketmaster.com/event/1E00628BA1132A61
The Union Event Center,Medium,Indoors,https://theunioneventcenter.com/,After the Burial,Bad Luck North American Tour,8/15/2025,https://theunioneventcenter.com/upcomingevents/wecameasromans,https://www.ticketmaster.com/event/1E00628BA1132A61
The Union Event Center,Medium,Indoors,https://theunioneventcenter.com/,Currents,Bad Luck North American Tour,8/15/2025,https://theunioneventcenter.com/upcomingevents/wecameasromans,https://www.ticketmaster.com/event/1E00628BA1132A61
The Union Event Center,Medium,Indoors,https://theunioneventcenter.com/,Johnny Booth,Bad Luck North American Tour,8/15/2025,https://theunioneventcenter.com/upcomingevents/wecameasromans,https://www.ticketmaster.com/event/1E00628BA1132A61
The Union Event Center,Medium,Indoors,https://theunioneventcenter.com/,Ice Nine Kills,Hell of a Summer Tour,8/20/2025,https://theunioneventcenter.com/upcomingevents/iceninekills,https://www.ticketmaster.com/event/1E0062AEAD4224DB
The Union Event Center,Medium,Indoors,https://theunioneventcenter.com/,Dayseeker,Hell of a Summer Tour,8/20/2025,https://theunioneventcenter.com/upcomingevents/iceninekills,https://www.ticketmaster.com/event/1E0062AEAD4224DB
The Union Event Center,Medium,Indoors,https://theunioneventcenter.com/,Kim Dracula,Hell of a Summer Tour,8/20/2025,https://theunioneventcenter.com/upcomingevents/iceninekills,https://www.ticketmaster.com/event/1E0062AEAD4224DB
The Union Event Center,Medium,Indoors,https://theunioneventcenter.com/,The Funeral Portrait,Hell of a Summer Tour,8/20/2025,https://theunioneventcenter.com/upcomingevents/iceninekills,https://www.ticketmaster.com/event/1E0062AEAD4224DB
The Union Event Center,Medium,Indoors,https://theunioneventcenter.com/,Five for Fighting,Five for Fighting with Special Guest Vertical Horizon,8/22/2025,https://theunioneventcenter.com/upcomingevents/fiveforfighting,https://www.ticketmaster.com/event/1E006275C90440C8
The Union Event Center,Medium,Indoors,https://theunioneventcenter.com/,Vettical Horizon,Five for Fighting with Special Guest Vertical Horizon,8/22/2025,https://theunioneventcenter.com/upcomingevents/fiveforfighting,https://www.ticketmaster.com/event/1E006275C90440C8
The Union Event Center,Medium,Indoors,https://theunioneventcenter.com/,Yungblud,Idols The World Tour,8/26/2025,https://theunioneventcenter.com/upcomingevents/yungblud,https://www.ticketmaster.com/event/1E00629D62A00DD8
The Union Event Center,Medium,Indoors,https://theunioneventcenter.com/,Sawyer Hill,Idols The World Tour,8/26/2025,https://theunioneventcenter.com/upcomingevents/yungblud,https://www.ticketmaster.com/event/1E00629D62A00DD8
The Union Event Center,Medium,Indoors,https://theunioneventcenter.com/,The Hives,World Tour 2025,9/13/2025,https://theunioneventcenter.com/upcomingevents/thehives,https://www.ticketmaster.com/event/1E006105DEF6459B
The Union Event Center,Medium,Indoors,https://theunioneventcenter.com/,Snooper,World Tour 2025,9/13/2025,https://theunioneventcenter.com/upcomingevents/thehives,https://www.ticketmaster.com/event/1E006105DEF6459B
The Union Event Center,Medium,Indoors,https://theunioneventcenter.com/,Jessie Murph,Wrold Hysteria The Tour,9/20/2025,https://theunioneventcenter.com/upcomingevents/jessiemurph,https://www.ticketmaster.com/event/1E00629E7DB345D1
The Union Event Center,Medium,Indoors,https://theunioneventcenter.com/,Aly & AJ,Silver Deliverer,10/1/2025,https://theunioneventcenter.com/upcomingevents/alyandaj,https://www.ticketmaster.com/event/1E00629DA6054266
The Union Event Center,Medium,Indoors,https://theunioneventcenter.com/,Morrissey,Nude,10/4/2025,https://theunioneventcenter.com/upcomingevents/morrissey25,https://www.ticketmaster.com/event/1E0062B6D04D4ECC
The Union Event Center,Medium,Indoors,https://theunioneventcenter.com/,Mudvayne,L.D. 50 25th Anniversary Tour,10/7/2025,https://theunioneventcenter.com/upcomingevents/mudvayne,https://www.ticketmaster.com/event/1E006295D0DA3AE6
The Union Event Center,Medium,Indoors,https://theunioneventcenter.com/,Static-X,L.D. 50 25th Anniversary Tour,10/7/2025,https://theunioneventcenter.com/upcomingevents/mudvayne,https://www.ticketmaster.com/event/1E006295D0DA3AE6
The Union Event Center,Medium,Indoors,https://theunioneventcenter.com/,Vended,L.D. 50 25th Anniversary Tour,10/7/2025,https://theunioneventcenter.com/upcomingevents/mudvayne,https://www.ticketmaster.com/event/1E006295D0DA3AE6
The Union Event Center,Medium,Indoors,https://theunioneventcenter.com/,Elbow,USA & Canada 2025,10/10/2025,https://theunioneventcenter.com/upcomingevents/elbow,https://www.ticketmaster.com/event/1E006253C787327D
The Union Event Center,Medium,Indoors,https://theunioneventcenter.com/,Flatland Calvary,Flatland Forever(more) Tour,10/18/2025,https://theunioneventcenter.com/upcomingevents/flatlandcavalry,https://www.ticketmaster.com/event/1E00627987492B68
The Union Event Center,Medium,Indoors,https://theunioneventcenter.com/,Lorna Shore,Lorna Shore,10/20/2025,https://theunioneventcenter.com/upcomingevents/lornashore,https://www.ticketmaster.com/event/1E0062ADA2F31A62
The Union Event Center,Medium,Indoors,https://theunioneventcenter.com/,The Black Dahlia Murder,Lorna Shore,10/20/2025,https://theunioneventcenter.com/upcomingevents/lornashore,https://www.ticketmaster.com/event/1E0062ADA2F31A62
The Union Event Center,Medium,Indoors,https://theunioneventcenter.com/,Shadow of Intent,Lorna Shore,10/20/2025,https://theunioneventcenter.com/upcomingevents/lornashore,https://www.ticketmaster.com/event/1E0062ADA2F31A62
The Union Event Center,Medium,Indoors,https://theunioneventcenter.com/,PeelingFlesh,Lorna Shore,10/20/2025,https://theunioneventcenter.com/upcomingevents/lornashore,https://www.ticketmaster.com/event/1E0062ADA2F31A62
The Union Event Center,Medium,Indoors,https://theunioneventcenter.com/,Lord Huron,Tour 2025,10/21/2025,https://theunioneventcenter.com/upcomingevents/lordhuron,https://www.ticketmaster.com/lord-huron-salt-lake-city-utah-10-21-2025/event/1E006231CD2335CD
The Union Event Center,Medium,Indoors,https://theunioneventcenter.com/,Kevin Morby,Tour 2025,10/21/2025,https://theunioneventcenter.com/upcomingevents/lordhuron,https://www.ticketmaster.com/lord-huron-salt-lake-city-utah-10-21-2025/event/1E006231CD2335CD
The Union Event Center,Medium,Indoors,https://theunioneventcenter.com/,Blue October,We Didn't Die Young Tour,10/25/2025,https://theunioneventcenter.com/upcomingevents/blueoctober25,https://www.ticketmaster.com/event/1E0062A6FBE94328
The Union Event Center,Medium,Indoors,https://theunioneventcenter.com/,Marc Rebillet,Places I've Never Played & Will Never Play Again Tour,10/26/2025,https://theunioneventcenter.com/upcomingevents/marcrebillet,https://www.ticketmaster.com/event/1E0062C2C97D1F04
The Union Event Center,Medium,Indoors,https://theunioneventcenter.com/,Viagra Boys,The Infinite Anxiety Tour 2025,10/27/2025,https://theunioneventcenter.com/upcomingevents/viagraboys,https://www.ticketmaster.com/viagra-boys-the-infinite-anxiety-tour-salt-lake-city-utah-10-27-2025/event/1E006186C61232B3
The Union Event Center,Medium,Indoors,https://theunioneventcenter.com/,Avatar,In the Airwaves - USA 2025,11/14/2025,https://theunioneventcenter.com/upcomingevents/avatar,https://www.ticketmaster.com/event/1E0062B4B703463D
The Union Event Center,Medium,Indoors,https://theunioneventcenter.com/,Alien Weaponry,In the Airwaves - USA 2025,11/14/2025,https://theunioneventcenter.com/upcomingevents/avatar,https://www.ticketmaster.com/event/1E0062B4B703463D
The Union Event Center,Medium,Indoors,https://theunioneventcenter.com/,SpiritWorld,In the Airwaves - USA 2025,11/14/2025,https://theunioneventcenter.com/upcomingevents/avatar,https://www.ticketmaster.com/event/1E0062B4B703463D
The Union Event Center,Medium,Indoors,https://theunioneventcenter.com/,Lola Young,North American Tour 2025,11/29/2025,https://theunioneventcenter.com/upcomingevents/lolayoung,https://www.ticketmaster.com/event/1E0062BCA496281E
The Union Event Center,Medium,Indoors,https://theunioneventcenter.com/,Lauren Spencer Smith,The Art of Being a Mess Tour,3/11/2026,https://theunioneventcenter.com/upcomingevents/laurenspencersmith,https://www.ticketmaster.com/event/1E0062BE90A12E57
The Union Event Center,Medium,Indoors,https://theunioneventcenter.com/,Nothing More,Carnal Nature World Tour,3/13/2026,https://theunioneventcenter.com/upcomingevents/nothingmore,https://www.ticketmaster.com/event/1E0062A8B9EF473E
The Union Event Center,Medium,Indoors,https://theunioneventcenter.com/,Catch Your Breath,Carnal Nature World Tour,3/13/2026,https://theunioneventcenter.com/upcomingevents/nothingmore,https://www.ticketmaster.com/event/1E0062A8B9EF473E
The Union Event Center,Medium,Indoors,https://theunioneventcenter.com/,Archers,Carnal Nature World Tour,3/13/2026,https://theunioneventcenter.com/upcomingevents/nothingmore,https://www.ticketmaster.com/event/1E0062A8B9EF473E
The Union Event Center,Medium,Indoors,https://theunioneventcenter.com/,Doobie,Carnal Nature World Tour,3/13/2026,https://theunioneventcenter.com/upcomingevents/nothingmore,https://www.ticketmaster.com/event/1E0062A8B9EF473E
The Union Event Center,Medium,Indoors,https://theunioneventcenter.com/,Calum Scott,The Avenoir Tour,4/6/2025,https://theunioneventcenter.com/upcomingevents/calumscott,https://www.ticketmaster.com/event/1E006283DC6D57C4
The Depot,Medium,Indoors,https://www.depotslc.com/shows,Bayside,25th Anniversary: The Errors Tour,6/8/2025,https://www.depotslc.com/shows,https://www.ticketmaster.com/bayside-25th-anniversary-the-errors-tour-salt-lake-city-utah-06-08-2025/event/1E006229B79322D1
The Depot,Medium,Indoors,https://www.depotslc.com/shows,Smoking Popes,25th Anniversary: The Errors Tour,6/8/2025,https://www.depotslc.com/shows,https://www.ticketmaster.com/bayside-25th-anniversary-the-errors-tour-salt-lake-city-utah-06-08-2025/event/1E006229B79322D1
The Depot,Medium,Indoors,https://www.depotslc.com/shows,Bayside,25th Anniversary: The Errors Tour,6/9/2025,https://www.depotslc.com/shows,https://www.ticketmaster.com/bayside-25th-anniversary-the-errors-tour-salt-lake-city-utah-06-09-2025/event/1E006229B79D2308
The Depot,Medium,Indoors,https://www.depotslc.com/shows,Smoking Popes,25th Anniversary: The Errors Tour,6/9/2025,https://www.depotslc.com/shows,https://www.ticketmaster.com/bayside-25th-anniversary-the-errors-tour-salt-lake-city-utah-06-09-2025/event/1E006229B79D2308
The Depot,Medium,Indoors,https://www.depotslc.com/shows,They Might Be Giants,The Big Show Tour,6/10/2025,https://www.depotslc.com/shows,https://www.ticketmaster.com/they-might-be-giants-the-big-salt-lake-city-utah-06-10-2025/event/1E006151EBA33937
The Depot,Medium,Indoors,https://www.depotslc.com/shows,They Might Be Giants,The Big Show Tour,6/11/2025,https://www.depotslc.com/shows,https://www.ticketmaster.com/they-might-be-giants-the-big-salt-lake-city-utah-06-11-2025/event/1E006151EBA83946
The Depot,Medium,Indoors,https://www.depotslc.com/shows,The Taylor Party: Taylor Night,The TS Dance Party,6/13/2025,https://www.depotslc.com/shows,https://www.ticketmaster.com/the-taylor-party-taylor-night-salt-lake-city-utah-06-13-2025/event/1E006291D9AB53B8
The Depot,Medium,Indoors,https://www.depotslc.com/shows,Ashe,The Trilogy Tour,6/14/2025,https://www.depotslc.com/shows,https://www.ticketmaster.com/ashe-the-trilogy-tour-salt-lake-city-utah-06-14-2025/event/1E00615968950AB0
The Depot,Medium,Indoors,https://www.depotslc.com/shows,Bo Staloch,The Trilogy Tour,6/14/2025,https://www.depotslc.com/shows,https://www.ticketmaster.com/ashe-the-trilogy-tour-salt-lake-city-utah-06-14-2025/event/1E00615968950AB0
The Depot,Medium,Indoors,https://www.depotslc.com/shows,It's A 2000s Dance Party,Salt Lake City,6/21/2025,https://www.depotslc.com/shows,https://www.ticketmaster.com/its-a-2000s-party-salt-lake-salt-lake-city-utah-06-21-2025/event/1E0062A2C47949EA
The Depot,Medium,Indoors,https://www.depotslc.com/shows,Mask,Mask,6/26/2025,https://www.depotslc.com/shows,https://www.ticketmaster.com/mask-salt-lake-city-utah-06-26-2025/event/1E0062C5D7BD4C99
The Depot,Medium,Indoors,https://www.depotslc.com/shows,Mainliner,Orange County vs NYC Punk,6/28/2025,https://www.depotslc.com/shows,https://www.ticketmaster.com/orange-county-vs-nyc-punk-salt-lake-city-utah-06-28-2025/event/1E0062B61F348C59
The Depot,Medium,Indoors,https://www.depotslc.com/shows,Bop to the Top,Bop to the Top,7/18/2025,https://www.depotslc.com/shows,https://www.ticketmaster.com/bop-to-the-top-18-salt-lake-city-utah-07-18-2025/event/1E0062AD8FE01275
The Depot,Medium,Indoors,https://www.depotslc.com/shows,United We Dance,The Ultimate Rave Experience,8/1/2025,https://www.depotslc.com/shows,https://www.ticketmaster.com/united-we-dance-the-ultimate-rave-salt-lake-city-utah-08-01-2025/event/1E00629CA1EE26A1
The Depot,Medium,Indoors,https://www.depotslc.com/shows,Jojo Siwa,Jojo Siwa Live,8/5/2025,https://www.depotslc.com/shows,https://www.ticketmaster.com/jojo-siwa-live-salt-lake-city-utah-08-05-2025/event/1E006273CA8B5A27
The Depot,Medium,Indoors,https://www.depotslc.com/shows,Sorry Papi,The All Girl Rave,8/8/2025,https://www.depotslc.com/shows,https://www.ticketmaster.com/sorry-papi-the-all-girl-rave-salt-lake-city-utah-08-08-2025/event/1E006272C52432BC
The Depot,Medium,Indoors,https://www.depotslc.com/shows,The Pranksters,The Days Between,8/9/2025,https://www.depotslc.com/shows,https://www.ticketmaster.com/the-days-between-salt-lake-city-utah-08-09-2025/event/1E0062A50E6D441A
The Depot,Medium,Indoors,https://www.depotslc.com/shows,Yachtley Crew,Yachtley Crew,8/12/2025,https://www.depotslc.com/shows,https://www.ticketmaster.com/yachtley-crew-salt-lake-city-utah-08-12-2025/event/1E00627BA0703746
The Depot,Medium,Indoors,https://www.depotslc.com/shows,MC Magic,"MC Magic, Baby Bash & Lil Rob",9/6/2025,https://www.depotslc.com/shows,https://www.ticketmaster.com/mc-magic-baby-bash-lil-rob-salt-lake-city-utah-09-06-2025/event/1E00626DBE1B2C8B
The Depot,Medium,Indoors,https://www.depotslc.com/shows,Baby Bash,"MC Magic, Baby Bash & Lil Rob",9/6/2025,https://www.depotslc.com/shows,https://www.ticketmaster.com/mc-magic-baby-bash-lil-rob-salt-lake-city-utah-09-06-2025/event/1E00626DBE1B2C8B
The Depot,Medium,Indoors,https://www.depotslc.com/shows,Lil Rob,"MC Magic, Baby Bash & Lil Rob",9/6/2025,https://www.depotslc.com/shows,https://www.ticketmaster.com/mc-magic-baby-bash-lil-rob-salt-lake-city-utah-09-06-2025/event/1E00626DBE1B2C8B
The Depot,Medium,Indoors,https://www.depotslc.com/shows,X Ambassadors,The VHS(X) North American Tour,9/12/2025,https://www.depotslc.com/shows,https://www.ticketmaster.com/x-ambassadors-the-vhsx-north-american-salt-lake-city-utah-09-12-2025/event/1E0062A7B3683D06
The Depot,Medium,Indoors,https://www.depotslc.com/shows,Arc De Soleil,KRCL Presents Arc De Soleil: La Mirage Tour,9/13/2025,https://www.depotslc.com/shows,https://www.ticketmaster.com/krcl-presents-arc-de-soleil-la-salt-lake-city-utah-09-13-2025/event/1E006297BF513B4D
The Depot,Medium,Indoors,https://www.depotslc.com/shows,The Struts,Celebrating the 10 Year Anniversary of Everybody Wants,9/22/2025,https://www.depotslc.com/shows,https://www.ticketmaster.com/celebrating-the-10-year-anniversary-of-salt-lake-city-utah-09-22-2025/event/1E006289B3C93287
The Depot,Medium,Indoors,https://www.depotslc.com/shows,Dirty Honey,Celebrating the 10 Year Anniversary of Everybody Wants,9/22/2025,https://www.depotslc.com/shows,https://www.ticketmaster.com/celebrating-the-10-year-anniversary-of-salt-lake-city-utah-09-22-2025/event/1E006289B3C93287
The Depot,Medium,Indoors,https://www.depotslc.com/shows,Black Rebel Motorcycle Club,Black Rebel Motorcycle Club,9/27/2025,https://www.depotslc.com/shows,https://www.ticketmaster.com/black-rebel-motorcycle-club-salt-lake-city-utah-09-27-2025/event/1E006273BB215849
The Depot,Medium,Indoors,https://www.depotslc.com/shows,Sasha Colby,Stripped II,9/30/2025,https://www.depotslc.com/shows,https://www.ticketmaster.com/sasha-colby-stripped-ii-salt-lake-city-utah-09-30-2025/event/1E006290AA7726B5
The Depot,Medium,Indoors,https://www.depotslc.com/shows,Brooks Nielsen,Brooks Nielsen (of The Growlers),10/1/2025,https://www.depotslc.com/shows,https://www.ticketmaster.com/brooks-nielsen-of-the-growlers-salt-lake-city-utah-10-01-2025/event/1E00628E998A19BF
The Depot,Medium,Indoors,https://www.depotslc.com/shows,Cartel,Cartel,10/4/2025,https://www.depotslc.com/shows,https://www.ticketmaster.com/cartel-salt-lake-city-utah-10-04-2025/event/1E0062B76F9F1135
The Depot,Medium,Indoors,https://www.depotslc.com/shows,Hunny,Cartel,10/4/2025,https://www.depotslc.com/shows,https://www.ticketmaster.com/cartel-salt-lake-city-utah-10-04-2025/event/1E0062B76F9F1135
The Depot,Medium,Indoors,https://www.depotslc.com/shows,Macseal,Cartel,10/4/2025,https://www.depotslc.com/shows,https://www.ticketmaster.com/cartel-salt-lake-city-utah-10-04-2025/event/1E0062B76F9F1135
The Depot,Medium,Indoors,https://www.depotslc.com/shows,Durand Jones & The Indications,90.9 KRCL Presents: Durand Jones & The Indications - Flowers Tour 2025,10/5/2025,https://www.depotslc.com/shows,https://www.ticketmaster.com/909-krcl-presents-durand-jones-the-salt-lake-city-utah-10-05-2025/event/1E006290BD942FB9
The Depot,Medium,Indoors,https://www.depotslc.com/shows,The Psycodelics,90.9 KRCL Presents: Durand Jones & The Indications - Flowers Tour 2025,10/5/2025,https://www.depotslc.com/shows,https://www.ticketmaster.com/909-krcl-presents-durand-jones-the-salt-lake-city-utah-10-05-2025/event/1E006290BD942FB9
The Depot,Medium,Indoors,https://www.depotslc.com/shows,Circle Jerks,Circle Jerks,10/8/2025,https://www.depotslc.com/shows,https://www.ticketmaster.com/circle-jerks-salt-lake-city-utah-10-08-2025/event/1E00629095531D88
The Depot,Medium,Indoors,https://www.depotslc.com/shows,The Adolescents,Circle Jerks,10/8/2025,https://www.depotslc.com/shows,https://www.ticketmaster.com/circle-jerks-salt-lake-city-utah-10-08-2025/event/1E00629095531D88
The Depot,Medium,Indoors,https://www.depotslc.com/shows,Negative Approach,Circle Jerks,10/8/2025,https://www.depotslc.com/shows,https://www.ticketmaster.com/circle-jerks-salt-lake-city-utah-10-08-2025/event/1E00629095531D88
The Depot,Medium,Indoors,https://www.depotslc.com/shows,Matt Maltese,Tour For You My Whole Life,10/16/2025,https://www.depotslc.com/shows,https://www.ticketmaster.com/matt-maltese-tour-for-you-my-salt-lake-city-utah-10-16-2025/event/1E00626C090C6408
The Depot,Medium,Indoors,https://www.depotslc.com/shows,R&B Only,Colors Worldwide Presents: R&B Only Live,10/18/2025,https://www.depotslc.com/shows,https://www.universe.com/events/r-b-only-live-salt-lake-city-ut-10-year-anniversary-tickets-RFC7LN
The Depot,Medium,Indoors,https://www.depotslc.com/shows,Murder BY Death,Murder By Death - Farewell Tour,10/19/2025,https://www.depotslc.com/shows,https://www.ticketmaster.com/murder-by-death-farewell-tour-salt-lake-city-utah-10-19-2025/event/1E00623DA920273C
The Depot,Medium,Indoors,https://www.depotslc.com/shows,AJJ,Murder By Death - Farewell Tour,10/19/2025,https://www.depotslc.com/shows,https://www.ticketmaster.com/murder-by-death-farewell-tour-salt-lake-city-utah-10-19-2025/event/1E00623DA920273C
The Depot,Medium,Indoors,https://www.depotslc.com/shows,The Wombats,Oh! The Ocean Tour,10/24/2025,https://www.depotslc.com/shows,https://www.ticketmaster.com/the-wombats-oh-the-ocean-tour-salt-lake-city-utah-10-24-2025/event/1E00624DE38F49BF
The Depot,Medium,Indoors,https://www.depotslc.com/shows,Only The Poets,Oh! The Ocean Tour,10/24/2025,https://www.depotslc.com/shows,https://www.ticketmaster.com/the-wombats-oh-the-ocean-tour-salt-lake-city-utah-10-24-2025/event/1E00624DE38F49BF
The Depot,Medium,Indoors,https://www.depotslc.com/shows,Red Rum Club,Oh! The Ocean Tour,10/24/2025,https://www.depotslc.com/shows,https://www.ticketmaster.com/the-wombats-oh-the-ocean-tour-salt-lake-city-utah-10-24-2025/event/1E00624DE38F49BF
The Depot,Medium,Indoors,https://www.depotslc.com/shows,Børns,Børns,10/28/2025,https://www.depotslc.com/shows,https://www.ticketmaster.com/brns-salt-lake-city-utah-10-28-2025/event/1E0062B4DDA34F4E
The Depot,Medium,Indoors,https://www.depotslc.com/shows,Geoff Tate,Geoff Tate's Operation: Mindcrime - The Final Chapter,11/6/2025,https://www.depotslc.com/shows,https://www.ticketmaster.com/geoff-tates-operation-mindcrime-the-final-salt-lake-city-utah-11-06-2025/event/1E006237D0243E65
The Depot,Medium,Indoors,https://www.depotslc.com/shows,Tomas McCarthy,Geoff Tate's Operation: Mindcrime - The Final Chapter,11/6/2025,https://www.depotslc.com/shows,https://www.ticketmaster.com/geoff-tates-operation-mindcrime-the-final-salt-lake-city-utah-11-06-2025/event/1E006237D0243E65
The Depot,Medium,Indoors,https://www.depotslc.com/shows,Indio Downey,Geoff Tate's Operation: Mindcrime - The Final Chapter,11/6/2025,https://www.depotslc.com/shows,https://www.ticketmaster.com/geoff-tates-operation-mindcrime-the-final-salt-lake-city-utah-11-06-2025/event/1E006237D0243E65
The Depot,Medium,Indoors,https://www.depotslc.com/shows,King Princess,The Girl Violence Tour,11/14/2025,https://www.depotslc.com/shows,https://www.ticketmaster.com/king-princess-the-girl-violence-tour-salt-lake-city-utah-11-14-2025/event/1E0062BCAD142E84
The Depot,Medium,Indoors,https://www.depotslc.com/shows,spill tab,The Girl Violence Tour,11/14/2025,https://www.depotslc.com/shows,https://www.ticketmaster.com/king-princess-the-girl-violence-tour-salt-lake-city-utah-11-14-2025/event/1E0062BCAD142E84
The Depot,Medium,Indoors,https://www.depotslc.com/shows,Lucius,The Gold Rush Tour,11/15/2025,https://www.depotslc.com/shows,https://www.ticketmaster.com/lucius-the-gold-rush-tour-salt-lake-city-utah-11-15-2025/event/1E006243C2A82140
The Depot,Medium,Indoors,https://www.depotslc.com/shows,Richy Mitch & The Coalminers,Colorado's On Fire Again,11/19/2025,https://www.depotslc.com/shows,https://www.ticketmaster.com/richy-mitch-the-coalminers-colorados-on-salt-lake-city-utah-11-19-2025/event/1E00627C7F6B1EE4
The Depot,Medium,Indoors,https://www.depotslc.com/shows,Field Medic,Colorado's On Fire Again,11/19/2025,https://www.depotslc.com/shows,https://www.ticketmaster.com/richy-mitch-the-coalminers-colorados-on-salt-lake-city-utah-11-19-2025/event/1E00627C7F6B1EE4
The Depot,Medium,Indoors,https://www.depotslc.com/shows,The Darkness,Dreams on Toast,11/21/2025,https://www.depotslc.com/shows,https://www.ticketmaster.com/the-darkness-dreams-on-toast-salt-lake-city-utah-11-21-2025/event/1E00628BAB114172
The Depot,Medium,Indoors,https://www.depotslc.com/shows,Mark Daly,Dreams on Toast,11/21/2025,https://www.depotslc.com/shows,https://www.ticketmaster.com/the-darkness-dreams-on-toast-salt-lake-city-utah-11-21-2025/event/1E00628BAB114172
The Depot,Medium,Indoors,https://www.depotslc.com/shows,Minus the Bear,Menos El Oso 20th Anniversary Tour,11/23/2025,https://www.depotslc.com/shows,https://www.ticketmaster.com/minus-the-bear-menos-el-oso-salt-lake-city-utah-11-23-2025/event/1E006264BF2322F7
The Depot,Medium,Indoors,https://www.depotslc.com/shows,Blind Guardian,Somewhere Far Beyond Tour,12/7/2025,https://www.depotslc.com/shows,https://www.ticketmaster.com/blind-guardian-somewhere-far-beyond-tour-salt-lake-city-utah-12-07-2025/event/1E0062A5A4B11791
The Depot,Medium,Indoors,https://www.depotslc.com/shows,Ensiferum,Somewhere Far Beyond Tour,12/7/2025,https://www.depotslc.com/shows,https://www.ticketmaster.com/blind-guardian-somewhere-far-beyond-tour-salt-lake-city-utah-12-07-2025/event/1E0062A5A4B11791
The Depot,Medium,Indoors,https://www.depotslc.com/shows,Seven Kingdoms,Somewhere Far Beyond Tour,12/7/2025,https://www.depotslc.com/shows,https://www.ticketmaster.com/blind-guardian-somewhere-far-beyond-tour-salt-lake-city-utah-12-07-2025/event/1E0062A5A4B11791
Abravanel Hall,Large,Indoors,https://www.saltlakecountyarts.org/venues/abravanel-hall/#events,Utah Symphony,Star Wars: A New Hope in Concert,6/26/2025,https://www.saltlakecountyarts.org/events/star-wars-a-new-hope-in-concert/,https://my.arttix.org/overview/36473/
Abravanel Hall,Large,Indoors,https://www.saltlakecountyarts.org/venues/abravanel-hall/#events,Utah Symphony,Star Wars: A New Hope in Concert,6/27/2025,https://www.saltlakecountyarts.org/events/star-wars-a-new-hope-in-concert/,https://my.arttix.org/overview/36473/
Abravanel Hall,Large,Indoors,https://www.saltlakecountyarts.org/venues/abravanel-hall/#events,Utah Symphony,Star Wars: A New Hope in Concert,6/28/2025,https://www.saltlakecountyarts.org/events/star-wars-a-new-hope-in-concert/,https://my.arttix.org/overview/36473/
Abravanel Hall,Large,Indoors,https://www.saltlakecountyarts.org/venues/abravanel-hall/#events,Salt Lake Symphony,Days of ’47 KUTV Pops Concert,7/11/2025,https://www.saltlakecountyarts.org/events/days-of-47-kutv-pops-concert/,https://my.arttix.org/overview/37192/
Abravanel Hall,Large,Indoors,https://www.saltlakecountyarts.org/venues/abravanel-hall/#events,Lark & Spur,Days of ’47 KUTV Pops Concert,7/11/2025,https://www.saltlakecountyarts.org/events/days-of-47-kutv-pops-concert/,https://my.arttix.org/overview/37192/
Abravanel Hall,Large,Indoors,https://www.saltlakecountyarts.org/venues/abravanel-hall/#events,Salt Lake Symphony,Days of ’47 KUTV Pops Concert,7/12/2025,https://www.saltlakecountyarts.org/events/days-of-47-kutv-pops-concert/,https://my.arttix.org/overview/37192/
Abravanel Hall,Large,Indoors,https://www.saltlakecountyarts.org/venues/abravanel-hall/#events,Lark & Spur,Days of ’47 KUTV Pops Concert,7/12/2025,https://www.saltlakecountyarts.org/events/days-of-47-kutv-pops-concert/,https://my.arttix.org/overview/37192/
Abravanel Hall,Large,Indoors,https://www.saltlakecountyarts.org/venues/abravanel-hall/#events,Kurtis Conner,The Goodfellow World Tour,8/14/2025,https://www.saltlakecountyarts.org/events/kurtis-conner/,https://my.arttix.org/36941/
Abravanel Hall,Large,Indoors,https://www.saltlakecountyarts.org/venues/abravanel-hall/#events,Kailash Kher,Kailash Kher Concert,10/11/2025,https://www.saltlakecountyarts.org/events/kailash-kher-concert/,https://my.arttix.org/37189
Capitol Theater,Medium,Indoors,https://www.saltlakecountyarts.org/events/,Herb Alpert & The Tijuana Brass,Herb Alpert & The Tijuana Brass,6/19/2025,https://www.saltlakecountyarts.org/events/herb-alpert-the-tijuana-brass/,https://my.arttix.org/35674/
Capitol Theater,Medium,Indoors,https://www.saltlakecountyarts.org/events/,Gillian Welch & David Rawlings,Gillian Welch & David Rawlings,6/22/2025,https://www.saltlakecountyarts.org/events/gillian-welch-david-rawlings/,https://my.arttix.org/36261/
Capitol Theater,Medium,Indoors,https://www.saltlakecountyarts.org/events/,Marisela,Marisela: La Dama de Hierro,9/6/2025,https://www.saltlakecountyarts.org/events/marisela/,https://my.arttix.org/36286/
Capitol Theater,Medium,Indoors,https://www.saltlakecountyarts.org/events/,Amy Grant,Amy Grant,9/15/2025,https://www.saltlakecountyarts.org/events/amy-grant/,https://my.arttix.org/36912/
Capitol Theater,Medium,Indoors,https://www.saltlakecountyarts.org/events/,Wardruna,Wardruna,9/16/2025,https://www.saltlakecountyarts.org/events/wardruna/,https://my.arttix.org/36037
Snow Park Outdoor Amphitheater,Large,Outdoors,https://www.deervalley.com/things-to-do/activities/concerts,Utah Symphony,Patrriotc Pops,7/3/2025,https://deervalleymusicfestival.org/event/id/36621/,https://my.usuo.org/36621/36705
Snow Park Outdoor Amphitheater,Large,Outdoors,https://www.deervalley.com/things-to-do/activities/concerts,Utah Symphony,Tchaikovsky's 1812 Overture,8/9/2025,https://deervalleymusicfestival.org/event/id/36641/,https://my.usuo.org/36641/36711
Snow Park Outdoor Amphitheater,Large,Outdoors,https://www.deervalley.com/things-to-do/activities/concerts,Jason Bonham's Led Zeppelin Evening,Jason Bonham's Led Zeppelin Evening,8/10/2025,https://www.axs.com/events/983665/jason-bonhams-led-zeppelin-evening-tickets,https://tix.axs.com/%2blnCJwAAAAC8C%2fd9AAAAAACr%2fv%2f%2f%2fwD%2f%2f%2f%2f%2fBXRoZW1lAP%2f%2f%2f%2f%2f%2f%2f%2f%2f%2f?axssid=token_803bc5478188&locale=en-US&originalReferringURL=https%253A%252F%252Fwww.deervalley.com%252F
Snow Park Outdoor Amphitheater,Large,Outdoors,https://www.deervalley.com/things-to-do/activities/concerts,The Revivalists,The Revivalists,8/29/2025,https://www.axs.com/events/967584/the-revivalists-tickets,https://shop.axs.com/?c=axs&e=6670484428248142&t_axssid=token_5696667e72ab&t_locale=en-US&t_originalReferringURL=https%253A%252F%252Fwww.deervalley.com%252F
Snow Park Outdoor Amphitheater,Large,Outdoors,https://www.deervalley.com/things-to-do/activities/concerts,Kaleo,Mixed Emotions Tour,9/1/2025,https://www.axs.com/events/972139/kaleo-tickets,https://shop.axs.com/?c=axs&e=6670484428249855&t_axssid=token_765cb437036e&t_locale=en-US&t_originalReferringURL=https%253A%252F%252Fwww.deervalley.com%252F
Snow Park Outdoor Amphitheater,Large,Outdoors,https://www.deervalley.com/things-to-do/activities/concerts,Juan Del Castillo and Utah Symphony,The Music of Journey,8/8/2025,https://deervalleymusicfestival.org/event/id/36640/,https://my.usuo.org/36640/36710
Snow Park Outdoor Amphitheater,Large,Outdoors,https://www.deervalley.com/things-to-do/activities/concerts,Utah Symphony,A Salute to John Williams,7/5/2025,https://deervalleymusicfestival.org/event/id/36632/,https://my.usuo.org/36632/36755
Snow Park Outdoor Amphitheater,Large,Outdoors,https://www.deervalley.com/things-to-do/activities/concerts,Common,Common,7/11/2025,https://deervalleymusicfestival.org/event/id/36633/,https://my.usuo.org/36633/36712
Snow Park Outdoor Amphitheater,Large,Outdoors,https://www.deervalley.com/things-to-do/activities/concerts,Utah Symphony,The Music of Paul Simon,7/12/2025,https://deervalleymusicfestival.org/event/id/36634/,https://my.usuo.org/36634/36706
Snow Park Outdoor Amphitheater,Large,Outdoors,https://www.deervalley.com/things-to-do/activities/concerts,Utah Symphony,Disney in Concert,7/18/2025,https://deervalleymusicfestival.org/event/id/36635/,https://my.usuo.org/36635/36707
Snow Park Outdoor Amphitheater,Large,Outdoors,https://www.deervalley.com/things-to-do/activities/concerts,Lindsey Stirling,Lindsey Stirling,7/25/2025,https://deervalleymusicfestival.org/event/id/36637/,https://my.usuo.org/36637/36708
Snow Park Outdoor Amphitheater,Large,Outdoors,https://www.deervalley.com/things-to-do/activities/concerts,Sutton Foster & Kelli O'Hara,Sutton Foster & Kelli O'Hara,7/26/2025,https://deervalleymusicfestival.org/event/id/36638/,https://my.usuo.org/36638/36714
Snow Park Outdoor Amphitheater,Large,Outdoors,https://www.deervalley.com/things-to-do/activities/concerts,Maren Morris,Maren Morris,7/29/2025,https://www.axs.com/events/947868/maren-morris-tickets,https://tix.axs.com/%2blnCJwAAAAAtZb99AAAAAACX%2fv%2f%2f%2fwD%2f%2f%2f%2f%2fBXRoZW1lAP%2f%2f%2f%2f%2f%2f%2f%2f%2f%2f?axssid=&locale=en-US&originalReferringURL=
Snow Park Outdoor Amphitheater,Large,Outdoors,https://www.deervalley.com/things-to-do/activities/concerts,The Beach Boys,The Beach Boys,8/1/2025,https://deervalleymusicfestival.org/event/id/36639/,https://my.usuo.org/36639/36709
Snow Park Outdoor Amphitheater,Large,Outdoors,https://www.deervalley.com/things-to-do/activities/concerts,The Beach Boys,The Beach Boys,8/2/2025,https://deervalleymusicfestival.org/event/id/36639/,https://my.usuo.org/36639/36713
Delta Center,Large,Indoors,https://www.deltacenter.com/event-type/concert/,Laufey,A Matter of Time Tour,10/6/2025,https://www.deltacenter.com/events/laufey/,https://seatgeek.com/laufey-tickets/salt-lake-city-utah-delta-center-1-2025-10-06-7-30-pm/concert/17511870?aid=16139&pid=website&rid=52925
Delta Center,Large,Indoors,https://www.deltacenter.com/event-type/concert/,Suki Waterhouse,A Matter of Time Tour,10/6/2025,https://www.deltacenter.com/events/laufey/,https://seatgeek.com/laufey-tickets/salt-lake-city-utah-delta-center-1-2025-10-06-7-30-pm/concert/17511870?aid=16139&pid=website&rid=52925
Delta Center,Large,Indoors,https://www.deltacenter.com/event-type/concert/,Tate McCray,Miss Possessive TourTM,10/7/2025,https://www.deltacenter.com/events/tate-mcrae/,https://seatgeek.com/tate-mcrae-tickets/salt-lake-city-utah-delta-center-1-2025-10-07-7-30-pm/concert/17121248?aid=16139&pid=website&rid=22725
Delta Center,Large,Indoors,https://www.deltacenter.com/event-type/concert/,Alessi Rose,Miss Possessive TourTM,10/7/2025,https://www.deltacenter.com/events/tate-mcrae/,https://seatgeek.com/tate-mcrae-tickets/salt-lake-city-utah-delta-center-1-2025-10-07-7-30-pm/concert/17121248?aid=16139&pid=website&rid=22725
Delta Center,Large,Indoors,https://www.deltacenter.com/event-type/concert/,Benson Boone,American Heart World Tour,10/8/2025,https://www.deltacenter.com/events/benson-boone/,https://seatgeek.com/benson-boone-tickets/salt-lake-city-utah-delta-center-1-2025-10-08-8-pm/concert/17179887?aid=16139&pid=website&rid=50525
Delta Center,Large,Indoors,https://www.deltacenter.com/event-type/concert/,Benson Boone,American Heart World Tour,10/9/2025,https://www.deltacenter.com/events/benson-boone-2/,http://seatgeek.com/benson-boone-tickets/salt-lake-city-utah-delta-center-1-2025-10-09-8-pm/concert/17510466?aid=16139&pid=website&rid=50725
Delta Center,Large,Indoors,https://www.deltacenter.com/event-type/concert/,Benson Boone,American Heart World Tour,10/11/2025,https://www.deltacenter.com/events/benson-boone-3/,https://seatgeek.com/benson-boone-tickets/salt-lake-city-utah-delta-center-1-2025-10-11-8-pm/concert/17513423?aid=16139&pid=website&rid=50825
Delta Center,Large,Indoors,https://www.deltacenter.com/event-type/concert/,Eric Church,Free the Machine Tour,10/23/2025,https://www.deltacenter.com/events/eric-church/,https://seatgeek.com/eric-church-tickets/salt-lake-city-utah-delta-center-1-2025-10-23-7-30-pm/concert/17473041?aid=16139&pid=website&rid=43025
Delta Center,Large,Indoors,https://www.deltacenter.com/event-type/concert/,Charles Wesley Godwin,Free the Machine Tour,10/23/2025,https://www.deltacenter.com/events/eric-church/,https://seatgeek.com/eric-church-tickets/salt-lake-city-utah-delta-center-1-2025-10-23-7-30-pm/concert/17473041?aid=16139&pid=website&rid=43025
Delta Center,Large,Indoors,https://www.deltacenter.com/event-type/concert/,Ben Rector,The Richest Man in the World Tour,11/15/2025,https://www.deltacenter.com/events/ben-rector/,https://seatgeek.com/ben-rector-tickets/salt-lake-city-utah-delta-center-1-2025-11-15-7-30-pm/concert/6407578?aid=16139&pid=website&rid=111524
Eccles Theater,Large,Indoors,https://www.saltlakecountyarts.org/venues/eccles-theater#events,Tulum,Steppin’ on Main: Tulum,6/13/2025,https://www.saltlakecountyarts.org/events/steppin-on-main-tulum/,Free admission
Eccles Theater,Large,Indoors,https://www.saltlakecountyarts.org/venues/eccles-theater#events,Susan Bush and Her Band,Steppin’ on Main: Susan Bush and Her Band,6/20/2025,https://www.saltlakecountyarts.org/events/steppin-on-main-susan-bush-and-her-band/,Free admission
Eccles Theater,Large,Indoors,https://www.saltlakecountyarts.org/venues/eccles-theater#events,Flamingo Jazz,Steppin’ On Main: Flamingo Jazz,6/27/2025,https://www.saltlakecountyarts.org/events/steppin-on-main-flamingo-jazz/,Free admission
Eccles Theater,Large,Indoors,https://www.saltlakecountyarts.org/venues/eccles-theater#events,America,The Encore Tour,9/19/2025,https://www.saltlakecountyarts.org/events/america-the-encore-tour-2025/,https://my.arttix.org/36759/
Eccles Theater,Large,Indoors,https://www.saltlakecountyarts.org/venues/eccles-theater#events,Barrage á Trois,Steppin’ On Main: Barrage á Trois,9/19/2025,https://www.saltlakecountyarts.org/events/steppin-on-main-barrage-a-trois/,Free admission
Eccles Theater,Large,Indoors,https://www.saltlakecountyarts.org/venues/eccles-theater#events,The Wright Brothers,Steppin’ On Main: The Wright Brothers,9/26/2025,https://www.saltlakecountyarts.org/events/steppin-on-main-the-wright-brothers/,Free admission
Eccles Theater,Large,Indoors,https://www.saltlakecountyarts.org/venues/eccles-theater#events,Celtic Thunder,An Evening with Celtic Thunder,10/15/2025,https://www.saltlakecountyarts.org/events/celtic-thunder-2/,https://my.arttix.org/36410/
Eccles Theater,Large,Indoors,https://www.saltlakecountyarts.org/venues/eccles-theater#events,The Witcher in Concert,The Witcher in Concert,10/16/2025,https://www.saltlakecountyarts.org/events/the-witcher-in-concert/,https://my.arttix.org/37147/
Eccles Theater,Large,Indoors,https://www.saltlakecountyarts.org/venues/eccles-theater#events,Alicia Villarreal,Alicia Villarreal,10/17/2025,https://www.saltlakecountyarts.org/events/alicia-villarreal/,https://my.arttix.org/36918/
Eccles Theater,Large,Indoors,https://www.saltlakecountyarts.org/venues/eccles-theater#events,Ludovico Einaudi,The Summer Portraits Tour,10/18/2025,https://www.saltlakecountyarts.org/events/ludovico-einaudi/,https://my.arttix.org/35835/
Eccles Theater,Large,Indoors,https://www.saltlakecountyarts.org/venues/eccles-theater#events,Neko Case,Fall Tour 2025,11/19/2025,https://www.saltlakecountyarts.org/events/neko-case/,https://my.arttix.org/36753/
Eccles Theater,Large,Indoors,https://www.saltlakecountyarts.org/venues/eccles-theater#events,John Grant,Fall Tour 2025,11/19/2025,https://www.saltlakecountyarts.org/events/neko-case/,https://my.arttix.org/36753/
Eccles Theater,Large,Indoors,https://www.saltlakecountyarts.org/venues/eccles-theater#events,Stardew Valley: Symphony of Season,Stardew Valley: Symphony of Season,1/27/2026,https://www.saltlakecountyarts.org/events/stardew-valley-symphony-of-season/,https://my.arttix.org/36757/
Eccles Theater,Large,Indoors,https://www.saltlakecountyarts.org/venues/eccles-theater#events,One Voice Children’s Choir,One Voice Children’s Choir in Concert,6/13/2025,https://www.saltlakecountyarts.org/events/one-voice-childrens-choir-in-concert/,https://my.arttix.org/overview/36416/
Kilby Court,Small,Indoors,https://www.kilbycourt.com/,Addison Grace,Addison Grace,6/8/2025,https://www.kilbycourt.com/,https://www.24tix.com/event/3uyc33uixjcfxe26ikgpwmhige
Kilby Court,Small,Indoors,https://www.kilbycourt.com/,Everybody's Worried About Owen,Everybody's Worried About Owen,6/9/2025,https://www.kilbycourt.com/,https://www.24tix.com/event/3emneeyjb5e6zjdzakjlxg2k5q
Kilby Court,Small,Indoors,https://www.kilbycourt.com/,June Henry,Everybody's Worried About Owen,6/9/2025,https://www.kilbycourt.com/,https://www.24tix.com/event/3emneeyjb5e6zjdzakjlxg2k5q
Kilby Court,Small,Indoors,https://www.kilbycourt.com/,Valhalla,Valhalla,6/10/2025,https://www.kilbycourt.com/,https://www.24tix.com/event/d74erjqyebcgvjbzjugncwwn74
Kilby Court,Small,Indoors,https://www.kilbycourt.com/,Hollow Hill,Hollow Hill,6/10/2025,https://www.kilbycourt.com/,https://www.24tix.com/event/d74erjqyebcgvjbzjugncwwn74
Kilby Court,Small,Indoors,https://www.kilbycourt.com/,Lounge Monkey,Lounge Monkey,6/10/2025,https://www.kilbycourt.com/,https://www.24tix.com/event/d74erjqyebcgvjbzjugncwwn74
Kilby Court,Small,Indoors,https://www.kilbycourt.com/,Julia Wolf,Julia Wolf,6/11/2025,https://www.kilbycourt.com/,https://www.24tix.com/event/k3huqvs4rba33k5s4vamkoohsu
Kilby Court,Small,Indoors,https://www.kilbycourt.com/,Worry Club,Worry Club,6/11/2025,https://www.kilbycourt.com/,https://www.24tix.com/event/k3huqvs4rba33k5s4vamkoohsu
Kilby Court,Small,Indoors,https://www.kilbycourt.com/,Ellis,Ellis,6/11/2025,https://www.kilbycourt.com/,https://www.24tix.com/event/k3huqvs4rba33k5s4vamkoohsu
Kilby Court,Small,Indoors,https://www.kilbycourt.com/,Sunflower Bean,Sunflower Bean,6/12/2025,https://www.kilbycourt.com/,https://www.24tix.com/event/fntxblvjrzffbknyi6rfxrydna
Kilby Court,Small,Indoors,https://www.kilbycourt.com/,Gift,Gift,6/12/2025,https://www.kilbycourt.com/,https://www.24tix.com/event/fntxblvjrzffbknyi6rfxrydna
Kilby Court,Small,Indoors,https://www.kilbycourt.com/,Eliza & The Delusionals,Eliza & The Delusionals,6/13/2025,https://www.kilbycourt.com/,https://www.24tix.com/event/rzyksns7xfghxpsab2nbr4ae5e
Kilby Court,Small,Indoors,https://www.kilbycourt.com/,Grace Gardner,Grace Gardner,6/13/2025,https://www.kilbycourt.com/,https://www.24tix.com/event/rzyksns7xfghxpsab2nbr4ae5e
Kilby Court,Small,Indoors,https://www.kilbycourt.com/,Anna Beck,Anna Beck,6/13/2025,https://www.kilbycourt.com/,https://www.24tix.com/event/rzyksns7xfghxpsab2nbr4ae5e
Kilby Court,Small,Indoors,https://www.kilbycourt.com/,Kublaii,Kublaii,6/14/2025,https://www.kilbycourt.com/,https://www.24tix.com/event/xd24wniy7vefrp73d25d2a3siy
Kilby Court,Small,Indoors,https://www.kilbycourt.com/,Lovesick,Lovesick,6/14/2025,https://www.kilbycourt.com/,https://www.24tix.com/event/xd24wniy7vefrp73d25d2a3siy
Kilby Court,Small,Indoors,https://www.kilbycourt.com/,Clover's Daughter,Clover's Daughter,6/14/2025,https://www.kilbycourt.com/,https://www.24tix.com/event/xd24wniy7vefrp73d25d2a3siy
Kilby Court,Small,Indoors,https://www.kilbycourt.com/,Petite League,Petite League,6/15/2025,https://www.kilbycourt.com/,https://www.24tix.com/event/bqhdpmrsu5dvxbkmuhf22wqe6u
Kilby Court,Small,Indoors,https://www.kilbycourt.com/,Lavalove,Lavalove,6/15/2025,https://www.kilbycourt.com/,https://www.24tix.com/event/bqhdpmrsu5dvxbkmuhf22wqe6u
Kilby Court,Small,Indoors,https://www.kilbycourt.com/,SBRS,Courtyard Takeover 3.0,6/16/2025,https://www.kilbycourt.com/,https://www.24tix.com/event/ga7s54qnunb6rgsojevycabc3u
Kilby Court,Small,Indoors,https://www.kilbycourt.com/,Hockey House,Courtyard Takeover 3.0,6/16/2025,https://www.kilbycourt.com/,https://www.24tix.com/event/ga7s54qnunb6rgsojevycabc3u
Kilby Court,Small,Indoors,https://www.kilbycourt.com/,Drunk in June,Courtyard Takeover 3.0,6/16/2025,https://www.kilbycourt.com/,https://www.24tix.com/event/ga7s54qnunb6rgsojevycabc3u
Kilby Court,Small,Indoors,https://www.kilbycourt.com/,Judas Rose,Courtyard Takeover 3.0,6/16/2025,https://www.kilbycourt.com/,https://www.24tix.com/event/ga7s54qnunb6rgsojevycabc3u
Kilby Court,Small,Indoors,https://www.kilbycourt.com/,Kade Bliss,Courtyard Takeover 3.0,6/16/2025,https://www.kilbycourt.com/,https://www.24tix.com/event/ga7s54qnunb6rgsojevycabc3u
Kilby Court,Small,Indoors,https://www.kilbycourt.com/,Jenna Raine,Jenna Raine,6/17/2025,https://www.kilbycourt.com/,https://www.24tix.com/event/apq3ygdiknhkbb2kldl7iql5py
Kilby Court,Small,Indoors,https://www.kilbycourt.com/,Ava Liv Mabry,Ava Liv Mabry,6/17/2025,https://www.kilbycourt.com/,https://www.24tix.com/event/apq3ygdiknhkbb2kldl7iql5py
Kilby Court,Small,Indoors,https://www.kilbycourt.com/,Matt Corman x Ollie Joseph,Matt Corman x Ollie Joseph,6/18/2025,https://www.kilbycourt.com/,https://www.24tix.com/event/5hye2p57vnesfmzvuikkr7tqcm
Kilby Court,Small,Indoors,https://www.kilbycourt.com/,Jake Luke,Jake Luke,6/18/2025,https://www.kilbycourt.com/,https://www.24tix.com/event/5hye2p57vnesfmzvuikkr7tqcm
Kilby Court,Small,Indoors,https://www.kilbycourt.com/,Mini Trees,Mini Trees,6/19/2025,https://www.kilbycourt.com/,https://www.24tix.com/event/5axdihdrqvbffk3srffo7azdam
Kilby Court,Small,Indoors,https://www.kilbycourt.com/,Lovesick,Lovesick,6/19/2025,https://www.kilbycourt.com/,https://www.24tix.com/event/5axdihdrqvbffk3srffo7azdam
Kilby Court,Small,Indoors,https://www.kilbycourt.com/,Audrey,Audrey,6/19/2025,https://www.kilbycourt.com/,https://www.24tix.com/event/5axdihdrqvbffk3srffo7azdam
Kilby Court,Small,Indoors,https://www.kilbycourt.com/,Josaleigh Pollett,Josaleigh Pollett,6/19/2025,https://www.kilbycourt.com/,https://www.24tix.com/event/5axdihdrqvbffk3srffo7azdam
Kilby Court,Small,Indoors,https://www.kilbycourt.com/,Blue Rain Boots,Blue Rain Boots,6/20/2025,https://www.kilbycourt.com/,https://www.24tix.com/event/adfj6j4efnftbpny7xm7fsbytm
Kilby Court,Small,Indoors,https://www.kilbycourt.com/,BONNEVILLE,BONNEVILLE,6/20/2025,https://www.kilbycourt.com/,https://www.24tix.com/event/adfj6j4efnftbpny7xm7fsbytm
Kilby Court,Small,Indoors,https://www.kilbycourt.com/,Bella Woods,Bella Woods,6/20/2025,https://www.kilbycourt.com/,https://www.24tix.com/event/adfj6j4efnftbpny7xm7fsbytm
Kilby Court,Small,Indoors,https://www.kilbycourt.com/,Michael Cera Palin,Michael Cera Palin,6/21/2025,https://www.kilbycourt.com/,https://www.24tix.com/event/lz4nezzimzdhjeahz3gvb4b2xm
Kilby Court,Small,Indoors,https://www.kilbycourt.com/,Aren't We Amphibians,Aren't We Amphibians,6/21/2025,https://www.kilbycourt.com/,https://www.24tix.com/event/lz4nezzimzdhjeahz3gvb4b2xm
Kilby Court,Small,Indoors,https://www.kilbycourt.com/,Melancholy Club,Melancholy Club,6/21/2025,https://www.kilbycourt.com/,https://www.24tix.com/event/lz4nezzimzdhjeahz3gvb4b2xm
Kilby Court,Small,Indoors,https://www.kilbycourt.com/,Vaseline (The Band),Vaseline (The Band),6/21/2025,https://www.kilbycourt.com/,https://www.24tix.com/event/lz4nezzimzdhjeahz3gvb4b2xm
Kilby Court,Small,Indoors,https://www.kilbycourt.com/,Youth Fountain,Youth Fountain,6/22/2025,https://www.kilbycourt.com/,https://www.24tix.com/event/yw7tmeaixrgonof4nogysy3huy
Kilby Court,Small,Indoors,https://www.kilbycourt.com/,Sad Park,Sad Park,6/22/2025,https://www.kilbycourt.com/,https://www.24tix.com/event/yw7tmeaixrgonof4nogysy3huy
Kilby Court,Small,Indoors,https://www.kilbycourt.com/,Good Terms,Good Terms,6/22/2025,https://www.kilbycourt.com/,https://www.24tix.com/event/yw7tmeaixrgonof4nogysy3huy
Kilby Court,Small,Indoors,https://www.kilbycourt.com/,Tall Boyz,RESONATE: A Hip-Hop Showcase,6/23/2025,https://www.kilbycourt.com/,https://www.24tix.com/event/ckayanhsrjg2nlq6flvip6w3x4
Kilby Court,Small,Indoors,https://www.kilbycourt.com/,Konami Crew,RESONATE: A Hip-Hop Showcase,6/23/2025,https://www.kilbycourt.com/,https://www.24tix.com/event/ckayanhsrjg2nlq6flvip6w3x4
Kilby Court,Small,Indoors,https://www.kilbycourt.com/,5 Eleven,RESONATE: A Hip-Hop Showcase,6/23/2025,https://www.kilbycourt.com/,https://www.24tix.com/event/ckayanhsrjg2nlq6flvip6w3x4
Kilby Court,Small,Indoors,https://www.kilbycourt.com/,Games We Play,Hello Ladies Tour,6/24/2025,https://www.kilbycourt.com/,https://www.24tix.com/event/ckgd32ek5ncebbit2moedpjgo4
Kilby Court,Small,Indoors,https://www.kilbycourt.com/,The Paradox,The Paradox,6/24/2025,https://www.kilbycourt.com/,https://www.24tix.com/event/ckgd32ek5ncebbit2moedpjgo4
Kilby Court,Small,Indoors,https://www.kilbycourt.com/,Spencer Sanders,Spencer Sanders,6/25/2025,https://www.kilbycourt.com/,https://www.24tix.com/event/yyf3laxlcrfgdowztbg7hupe7a
Kilby Court,Small,Indoors,https://www.kilbycourt.com/,Rachel Jenkins,Rachel Jenkins,6/25/2025,https://www.kilbycourt.com/,https://www.24tix.com/event/yyf3laxlcrfgdowztbg7hupe7a
Kilby Court,Small,Indoors,https://www.kilbycourt.com/,Talin Everett,Talin Everett,6/25/2025,https://www.kilbycourt.com/,https://www.24tix.com/event/yyf3laxlcrfgdowztbg7hupe7a
Kilby Court,Small,Indoors,https://www.kilbycourt.com/,Mira Plummer,Mira Plummer,6/25/2025,https://www.kilbycourt.com/,https://www.24tix.com/event/yyf3laxlcrfgdowztbg7hupe7a
Kilby Court,Small,Indoors,https://www.kilbycourt.com/,OSO OSO,OSO OSO,6/26/2025,https://www.kilbycourt.com/,https://www.24tix.com/event/ctema3jiwfgcjft46v2akw55na
Kilby Court,Small,Indoors,https://www.kilbycourt.com/,Forever Came Calling / Calling All Captains,Forever Came Calling / Calling All Captains,6/27/2025,https://www.kilbycourt.com/,https://www.24tix.com/event/cln6kv3sn5ghxhgcjdycov7kye
Kilby Court,Small,Indoors,https://www.kilbycourt.com/,Binding Vow,Binding Vow,6/27/2025,https://www.kilbycourt.com/,https://www.24tix.com/event/cln6kv3sn5ghxhgcjdycov7kye
Kilby Court,Small,Indoors,https://www.kilbycourt.com/,Swerved By Blondes,Swerved By Blondes,6/27/2025,https://www.kilbycourt.com/,https://www.24tix.com/event/cln6kv3sn5ghxhgcjdycov7kye
Kilby Court,Small,Indoors,https://www.kilbycourt.com/,Esme Patterson,Esme Patterson,6/28/2025,https://www.kilbycourt.com/,https://www.24tix.com/event/jmuzyeilknekpmmi6ed6ngu62e
Kilby Court,Small,Indoors,https://www.kilbycourt.com/,Cactus Tree,Cactus Tree,6/28/2025,https://www.kilbycourt.com/,https://www.24tix.com/event/jmuzyeilknekpmmi6ed6ngu62e
Kilby Court,Small,Indoors,https://www.kilbycourt.com/,Primal Aggression,Primal Aggression,6/29/2025,https://www.kilbycourt.com/,https://www.24tix.com/event/j6wxzsdwvzha5p2sgx5y75skjy
Kilby Court,Small,Indoors,https://www.kilbycourt.com/,"Quietly,","Quietly,",6/29/2025,https://www.kilbycourt.com/,https://www.24tix.com/event/j6wxzsdwvzha5p2sgx5y75skjy
Kilby Court,Small,Indoors,https://www.kilbycourt.com/,Hollow I Am,Hollow I Am,6/29/2025,https://www.kilbycourt.com/,https://www.24tix.com/event/j6wxzsdwvzha5p2sgx5y75skjy
Kilby Court,Small,Indoors,https://www.kilbycourt.com/,LICH,LICH,6/29/2025,https://www.kilbycourt.com/,https://www.24tix.com/event/j6wxzsdwvzha5p2sgx5y75skjy
Kilby Court,Small,Indoors,https://www.kilbycourt.com/,Samantha Crain,Samantha Crain,6/30/2025,https://www.kilbycourt.com/,https://www.24tix.com/event/7aq25g2hnbaefanf3bj4rytroi
Kilby Court,Small,Indoors,https://www.kilbycourt.com/,Quinn Christopherson,Quinn Christopherson,6/30/2025,https://www.kilbycourt.com/,https://www.24tix.com/event/7aq25g2hnbaefanf3bj4rytroi
Kilby Court,Small,Indoors,https://www.kilbycourt.com/,Sunny Day Soap Opera,Sunny Day Soap Opera,7/1/2025,https://www.kilbycourt.com/,https://www.24tix.com/event/nqghofb3ujdvxicmlordo4u3yi
Kilby Court,Small,Indoors,https://www.kilbycourt.com/,BATTERY,BATTERY,7/2/2025,https://www.kilbycourt.com/,https://www.24tix.com/event/2counbixvzdxlk5s2vhyynkwpa
Kilby Court,Small,Indoors,https://www.kilbycourt.com/,lollzing,lollzing,7/2/2025,https://www.kilbycourt.com/,https://www.24tix.com/event/2counbixvzdxlk5s2vhyynkwpa
Kilby Court,Small,Indoors,https://www.kilbycourt.com/,Bobo,Bobo,7/2/2025,https://www.kilbycourt.com/,https://www.24tix.com/event/2counbixvzdxlk5s2vhyynkwpa
Kilby Court,Small,Indoors,https://www.kilbycourt.com/,eardrums,eardrums,7/3/2025,https://www.kilbycourt.com/,https://www.24tix.com/event/gczoswd5ovekfmolm2x7ynovyi
Kilby Court,Small,Indoors,https://www.kilbycourt.com/,gapyear,gapyear,7/3/2025,https://www.kilbycourt.com/,https://www.24tix.com/event/gczoswd5ovekfmolm2x7ynovyi
Kilby Court,Small,Indoors,https://www.kilbycourt.com/,mypetspider,mypetspider,7/3/2025,https://www.kilbycourt.com/,https://www.24tix.com/event/gczoswd5ovekfmolm2x7ynovyi
Kilby Court,Small,Indoors,https://www.kilbycourt.com/,Kick Ass,Kick Ass,7/3/2025,https://www.kilbycourt.com/,https://www.24tix.com/event/gczoswd5ovekfmolm2x7ynovyi
Kilby Court,Small,Indoors,https://www.kilbycourt.com/,EmJay Hink,EmJay Hink,7/5/2025,https://www.kilbycourt.com/,https://www.24tix.com/event/xrrsrha2efachk7qjfw5ziqcgu
Kilby Court,Small,Indoors,https://www.kilbycourt.com/,Roo Nostalgia,Roo Nostalgia,7/10/2025,https://www.kilbycourt.com/,https://www.24tix.com/event/fal3wf7qxbfuvnwprb4kekxuju
Kilby Court,Small,Indoors,https://www.kilbycourt.com/,ZekeUltra,ZekeUltra,7/10/2025,https://www.kilbycourt.com/,https://www.24tix.com/event/fal3wf7qxbfuvnwprb4kekxuju
Kilby Court,Small,Indoors,https://www.kilbycourt.com/,Caroline Rose,Caroline Rose,7/12/2025,https://www.kilbycourt.com/,https://www.24tix.com/event/5buatiswf5dbflljzdyygl3utm
Kilby Court,Small,Indoors,https://www.kilbycourt.com/,LAKE EFFECT,LAKE EFFECT,7/14/2025,https://www.kilbycourt.com/,https://www.24tix.com/event/drfidhvf75a45pgryc6fveoora
Kilby Court,Small,Indoors,https://www.kilbycourt.com/,Orthodox,Orthodox,7/16/2025,https://www.kilbycourt.com/,https://www.24tix.com/event/jgvqlkh2knfsrjtlwntans36xe
Kilby Court,Small,Indoors,https://www.kilbycourt.com/,Mugshot,Mugshot,7/16/2025,https://www.kilbycourt.com/,https://www.24tix.com/event/jgvqlkh2knfsrjtlwntans36xe
Kilby Court,Small,Indoors,https://www.kilbycourt.com/,Omerta,Omerta,7/16/2025,https://www.kilbycourt.com/,https://www.24tix.com/event/jgvqlkh2knfsrjtlwntans36xe
Kilby Court,Small,Indoors,https://www.kilbycourt.com/,fromjoy,fromjoy,7/16/2025,https://www.kilbycourt.com/,https://www.24tix.com/event/jgvqlkh2knfsrjtlwntans36xe
Kilby Court,Small,Indoors,https://www.kilbycourt.com/,Jaxen Hanks,Jaxen Hanks,7/22/2025,https://www.kilbycourt.com/,https://www.24tix.com/event/vpkgtb2wpvbrrahgd2dzjx76me
Kilby Court,Small,Indoors,https://www.kilbycourt.com/,Body Double,Body Double,7/22/2025,https://www.kilbycourt.com/,https://www.24tix.com/event/vpkgtb2wpvbrrahgd2dzjx76me
Kilby Court,Small,Indoors,https://www.kilbycourt.com/,Francco Villar,Francco Villar,7/22/2025,https://www.kilbycourt.com/,https://www.24tix.com/event/vpkgtb2wpvbrrahgd2dzjx76me
Kilby Court,Small,Indoors,https://www.kilbycourt.com/,Keep Flying,Keep Flying,7/23/2025,https://www.kilbycourt.com/,https://www.24tix.com/event/oszceo52yvdkpgnrktyoxyza44
Kilby Court,Small,Indoors,https://www.kilbycourt.com/,Relate,Relate,7/23/2025,https://www.kilbycourt.com/,https://www.24tix.com/event/oszceo52yvdkpgnrktyoxyza44
Kilby Court,Small,Indoors,https://www.kilbycourt.com/,Alpine Loop,Alpine Loop,7/23/2025,https://www.kilbycourt.com/,https://www.24tix.com/event/oszceo52yvdkpgnrktyoxyza44
Kilby Court,Small,Indoors,https://www.kilbycourt.com/,Old Mervs,Old Mervs,7/24/2025,https://www.kilbycourt.com/,https://www.24tix.com/event/e4b5aot7ungcpfhagltdz3ffve
Kilby Court,Small,Indoors,https://www.kilbycourt.com/,Mustard Service,Mustard Service,7/25/2025,https://www.kilbycourt.com/,https://www.24tix.com/event/gtfqopuac5bklcdyuroddsmy4a
Kilby Court,Small,Indoors,https://www.kilbycourt.com/,Strawberry Milk Cult,Strawberry Milk Cult,7/25/2025,https://www.kilbycourt.com/,https://www.24tix.com/event/gtfqopuac5bklcdyuroddsmy4a
Kilby Court,Small,Indoors,https://www.kilbycourt.com/,BashfortheWorld,The Migo in America Tour,7/26/2025,https://www.kilbycourt.com/,https://www.24tix.com/event/kpsn7trczjdvpbqmlirf4bw76i
Kilby Court,Small,Indoors,https://www.kilbycourt.com/,Mansionair,Lose Yourself Again Tour,7/27/2025,https://www.kilbycourt.com/,https://www.24tix.com/event/3qwxmsgl6rak3a7liwccp2pimq
Kilby Court,Small,Indoors,https://www.kilbycourt.com/,CHARLOTTE LAWRENCE,SOMEWHERE TOUR,7/28/2025,https://www.kilbycourt.com/,https://www.24tix.com/event/pd5636hdvnhcdj724raisljvvq
Kilby Court,Small,Indoors,https://www.kilbycourt.com/,Midrift,Midrift,7/29/2025,https://www.kilbycourt.com/,https://www.24tix.com/event/bfjif5uue5egrck7mp5v2wceom
Kilby Court,Small,Indoors,https://www.kilbycourt.com/,Split Chain,Split Chain,7/29/2025,https://www.kilbycourt.com/,https://www.24tix.com/event/bfjif5uue5egrck7mp5v2wceom
Kilby Court,Small,Indoors,https://www.kilbycourt.com/,I Promised The World,I Promised The World,7/29/2025,https://www.kilbycourt.com/,https://www.24tix.com/event/bfjif5uue5egrck7mp5v2wceom
Kilby Court,Small,Indoors,https://www.kilbycourt.com/,MC CHRIS,MC CHRIS,8/4/2025,https://www.kilbycourt.com/,https://www.24tix.com/event/tnpmnmaugrdkroom7f4c2fy2qm
Kilby Court,Small,Indoors,https://www.kilbycourt.com/,Connor Kauffman,Connor Kauffman,8/8/2025,https://www.kilbycourt.com/,https://www.24tix.com/event/kvww6j7wtncpdoqfzqiclkx7bu
Kilby Court,Small,Indoors,https://www.kilbycourt.com/,John K,SALT + LIGHT Tour: Part 1,8/9/2025,https://www.kilbycourt.com/,https://www.24tix.com/event/kxtsscbhnrci3ndzjsev5vjxsm
Kilby Court,Small,Indoors,https://www.kilbycourt.com/,Michael Seyer,Michael Seyer,8/11/2025,https://www.kilbycourt.com/,https://www.24tix.com/event/5ogktepl4naxpkz3qmgz77gdxq
Kilby Court,Small,Indoors,https://www.kilbycourt.com/,Surf Trash / The Happy Return,Surf Trash / The Happy Return,8/12/2025,https://www.kilbycourt.com/,https://www.24tix.com/event/xcgtgk6fjzeo7cl5nls5sqsu34
Kilby Court,Small,Indoors,https://www.kilbycourt.com/,Jack Van Cleaf,Jack Van Cleaf,8/15/2025,https://www.kilbycourt.com/,https://www.24tix.com/event/nw4yjdptjzdl7eyyp453kfxu4i
Kilby Court,Small,Indoors,https://www.kilbycourt.com/,DEVOUR,THE PREVAIL TOUR,8/16/2025,https://www.kilbycourt.com/,https://www.24tix.com/event/rob4vqbuyveatnsncljyxtf474
Kilby Court,Small,Indoors,https://www.kilbycourt.com/,CHRISTIAN COELHO,CHRISTIAN COELHO,8/16/2025,https://www.kilbycourt.com/,https://www.24tix.com/event/rob4vqbuyveatnsncljyxtf474
Kilby Court,Small,Indoors,https://www.kilbycourt.com/,WesGhost,WesGhost,8/17/2025,https://www.kilbycourt.com/,https://www.24tix.com/event/wugo5byrczh3zjuhrb5mbvgc4a
Kilby Court,Small,Indoors,https://www.kilbycourt.com/,Mal Blum,Album Release Tour,8/18/2025,https://www.kilbycourt.com/,https://www.24tix.com/event/bnk3ewhixnff3aic7laicyka44
Kilby Court,Small,Indoors,https://www.kilbycourt.com/,Charlie Mtn.,Charlie Mtn.,8/18/2025,https://www.kilbycourt.com/,https://www.24tix.com/event/bnk3ewhixnff3aic7laicyka44
Kilby Court,Small,Indoors,https://www.kilbycourt.com/,Yuno,Yuno,8/21/2025,https://www.kilbycourt.com/,https://www.24tix.com/event/juutxdd6gre5daxjuubl3quxam
Kilby Court,Small,Indoors,https://www.kilbycourt.com/,Horsegirl,Horsegirl,8/24/2025,https://www.kilbycourt.com/,https://www.24tix.com/event/eslfzrrgtzczdjaesd7phfefuu
Kilby Court,Small,Indoors,https://www.kilbycourt.com/,Godcaster,Godcaster,8/24/2025,https://www.kilbycourt.com/,https://www.24tix.com/event/eslfzrrgtzczdjaesd7phfefuu
Kilby Court,Small,Indoors,https://www.kilbycourt.com/,Haiden Henderson,Haiden Henderson,8/26/2025,https://www.kilbycourt.com/,https://www.24tix.com/event/y2ybheycf5advfwgzfkwciqngm
Kilby Court,Small,Indoors,https://www.kilbycourt.com/,Hayes Warner,Hayes Warner,8/26/2025,https://www.kilbycourt.com/,https://www.24tix.com/event/y2ybheycf5advfwgzfkwciqngm
Kilby Court,Small,Indoors,https://www.kilbycourt.com/,Ocean Sleeper,USA Tour 2025,8/27/2025,https://www.kilbycourt.com/,https://www.24tix.com/event/mpxk2hlfj5delpq4sxsezzbsu4
Kilby Court,Small,Indoors,https://www.kilbycourt.com/,GARZI,GARZI,8/27/2025,https://www.kilbycourt.com/,https://www.24tix.com/event/mpxk2hlfj5delpq4sxsezzbsu4
Kilby Court,Small,Indoors,https://www.kilbycourt.com/,Bug Hunter and The Narcissist Cookbook,Bug Hunter and The Narcissist Cookbook,8/28/2025,https://www.kilbycourt.com/,https://www.24tix.com/event/qlgiuygpsrgqhcnic2jcd4tr4i
Kilby Court,Small,Indoors,https://www.kilbycourt.com/,WARGASM,WARGASM,9/9/2025,https://www.kilbycourt.com/,https://www.24tix.com/event/rz7y2nyaavbopefi7gi67nkfvm
Kilby Court,Small,Indoors,https://www.kilbycourt.com/,Teethe,Teethe,9/13/2025,https://www.kilbycourt.com/,https://www.24tix.com/event/3wtd42qkyvg4xdhaqxl2dbzxim
Kilby Court,Small,Indoors,https://www.kilbycourt.com/,English Teacher,English Teacher,9/16/2025,https://www.kilbycourt.com/,https://www.24tix.com/event/67v7fdipz5cp7ozhdelfztsvim
Kilby Court,Small,Indoors,https://www.kilbycourt.com/,Hotline TNT,Hotline TNT,9/17/2025,https://www.kilbycourt.com/,https://www.24tix.com/event/qeosrfmmizgmjataiypxs5gdjq
Kilby Court,Small,Indoors,https://www.kilbycourt.com/,Path of Totality,Path of Totality,9/17/2025,https://www.kilbycourt.com/,https://www.24tix.com/event/qeosrfmmizgmjataiypxs5gdjq
Kilby Court,Small,Indoors,https://www.kilbycourt.com/,Kamiyada+ & Lit Lords,Kamiyada+ & Lit Lords,9/18/2025,https://www.kilbycourt.com/,https://www.24tix.com/event/bjjsbuofqrcpzjmmq6t36srbf4
Kilby Court,Small,Indoors,https://www.kilbycourt.com/,Mikey Rotten,Mikey Rotten,9/18/2025,https://www.kilbycourt.com/,https://www.24tix.com/event/bjjsbuofqrcpzjmmq6t36srbf4
Kilby Court,Small,Indoors,https://www.kilbycourt.com/,Alisxn Gray & Hallow,Alisxn Gray & Hallow,9/18/2025,https://www.kilbycourt.com/,https://www.24tix.com/event/bjjsbuofqrcpzjmmq6t36srbf4
Kilby Court,Small,Indoors,https://www.kilbycourt.com/,Caskey,Caskey,9/21/2025,https://www.kilbycourt.com/,https://www.24tix.com/event/es3a5olohbd6hbcqzvsbve5nxq
Kilby Court,Small,Indoors,https://www.kilbycourt.com/,smokedope2016,smokedope2016,9/22/2025,https://www.kilbycourt.com/,https://www.24tix.com/event/ot7c3wg555dpjpg5c7fqysiafi
Kilby Court,Small,Indoors,https://www.kilbycourt.com/,Nokia Angel,Nokia Angel,9/22/2025,https://www.kilbycourt.com/,https://www.24tix.com/event/ot7c3wg555dpjpg5c7fqysiafi
Kilby Court,Small,Indoors,https://www.kilbycourt.com/,LIL FITTED CAP,LIL FITTED CAP,9/22/2025,https://www.kilbycourt.com/,https://www.24tix.com/event/ot7c3wg555dpjpg5c7fqysiafi
Kilby Court,Small,Indoors,https://www.kilbycourt.com/,BARTESIAN WATER,BARTESIAN WATER,9/22/2025,https://www.kilbycourt.com/,https://www.24tix.com/event/ot7c3wg555dpjpg5c7fqysiafi
Kilby Court,Small,Indoors,https://www.kilbycourt.com/,harf.,harf.,9/24/2025,https://www.kilbycourt.com/,https://www.24tix.com/event/zw6ywiyzfjdxtlew6ljunoycjq
Kilby Court,Small,Indoors,https://www.kilbycourt.com/,James Marriott,James Marriott,9/28/2025,https://www.kilbycourt.com/,https://www.24tix.com/event/ycruuh7anvafxd3tkecgslh74u
Kilby Court,Small,Indoors,https://www.kilbycourt.com/,NOURISHED BY TIME,THE PASSIONATE ONES TOUR,9/30/2025,https://www.kilbycourt.com/,https://www.24tix.com/event/smikwvzskvbcvkqhz7yta3mwmi
Kilby Court,Small,Indoors,https://www.kilbycourt.com/,Runnner,Runnner,10/2/2025,https://www.kilbycourt.com/,https://www.24tix.com/event/2fh2qv54ajbytmbzbn7rbxwmum
Kilby Court,Small,Indoors,https://www.kilbycourt.com/,Hana Eid,Hana Eid,10/2/2025,https://www.kilbycourt.com/,https://www.24tix.com/event/2fh2qv54ajbytmbzbn7rbxwmum
Kilby Court,Small,Indoors,https://www.kilbycourt.com/,Pool Kids,Pool Kids,10/8/2025,https://www.kilbycourt.com/,https://www.24tix.com/event/3lflmdcu6zfgxkrzpy7ukkuzaa
Kilby Court,Small,Indoors,https://www.kilbycourt.com/,Truth Club,Truth Club,10/8/2025,https://www.kilbycourt.com/,https://www.24tix.com/event/3lflmdcu6zfgxkrzpy7ukkuzaa
Kilby Court,Small,Indoors,https://www.kilbycourt.com/,PONY,PONY,10/8/2025,https://www.kilbycourt.com/,https://www.24tix.com/event/3lflmdcu6zfgxkrzpy7ukkuzaa
Kilby Court,Small,Indoors,https://www.kilbycourt.com/,Winter,Winter,10/9/2025,https://www.kilbycourt.com/,https://www.24tix.com/event/qzizsurjpjf45i7jlkv2gboedi
Kilby Court,Small,Indoors,https://www.kilbycourt.com/,Hooky,Hooky,10/9/2025,https://www.kilbycourt.com/,https://www.24tix.com/event/qzizsurjpjf45i7jlkv2gboedi
Kilby Court,Small,Indoors,https://www.kilbycourt.com/,Bambara,Bambara,10/10/2025,https://www.kilbycourt.com/,https://www.24tix.com/event/mxeu5r4kjjdu5cq47wfhu7btva
Kilby Court,Small,Indoors,https://www.kilbycourt.com/,Night Tapes,Portals//Polarities Tour,10/11/2025,https://www.kilbycourt.com/,https://www.24tix.com/event/bnab5l5yw5cvdjfgpl2lwo7yiq
Kilby Court,Small,Indoors,https://www.kilbycourt.com/,Michael Minelli,With Love Tour,10/12/2025,https://www.kilbycourt.com/,https://www.24tix.com/event/3iy4awyyszdxhljsce2wvh66im
Kilby Court,Small,Indoors,https://www.kilbycourt.com/,Rio Romeo,Rio Romeo,10/23/2025,https://www.kilbycourt.com/,https://www.24tix.com/event/zqrqc6oxwreirgnx4cuhm32qdm
Kilby Court,Small,Indoors,https://www.kilbycourt.com/,GUNNAR,GUNNAR,10/26/2025,https://www.kilbycourt.com/,https://www.24tix.com/event/k2x5r6b5uvajfp2vihbm4gdfiu
Kilby Court,Small,Indoors,https://www.kilbycourt.com/,Motherfolk,Motherfolk,10/27/2025,https://www.kilbycourt.com/,https://www.24tix.com/event/owvgroknpvcs5krgdif7hgdvje
Kilby Court,Small,Indoors,https://www.kilbycourt.com/,FROST CHILDREN,FROST CHILDREN,10/31/2025,https://www.kilbycourt.com/,https://www.24tix.com/event/7sdyck4livahdlyzbyjn4bfma4
Kilby Court,Small,Indoors,https://www.kilbycourt.com/,PeterParker69,PeterParker69,10/31/2025,https://www.kilbycourt.com/,https://www.24tix.com/event/7sdyck4livahdlyzbyjn4bfma4
Kilby Court,Small,Indoors,https://www.kilbycourt.com/,NoSo,NoSo,11/4/2025,https://www.kilbycourt.com/,https://www.24tix.com/event/iqpykikh4vabzcu6jlhyiekmxm
Kilby Court,Small,Indoors,https://www.kilbycourt.com/,Water From Your Eyes,Water From Your Eyes,11/5/2025,https://www.kilbycourt.com/,https://www.24tix.com/event/wjfcqpsdfnfdfiiefgzadluj2a
Kilby Court,Small,Indoors,https://www.kilbycourt.com/,Dutch Interior,Dutch Interior,11/5/2025,https://www.kilbycourt.com/,https://www.24tix.com/event/wjfcqpsdfnfdfiiefgzadluj2a
Kilby Court,Small,Indoors,https://www.kilbycourt.com/,Joel Sunny,Volume 3 Global Tour,11/17/2025,https://www.kilbycourt.com/,https://www.24tix.com/event/kkrfyuo6hfgkpejeisirsa2kpa
Kilby Court,Small,Indoors,https://www.kilbycourt.com/,HOME IS WHERE,HOME IS WHERE,11/19/2025,https://www.kilbycourt.com/,https://www.24tix.com/event/s2onn7toqnclbhpwylczug6pfm
Kilby Court,Small,Indoors,https://www.kilbycourt.com/,Young Jesus,Young Jesus,11/19/2025,https://www.kilbycourt.com/,https://www.24tix.com/event/s2onn7toqnclbhpwylczug6pfm
Kilby Court,Small,Indoors,https://www.kilbycourt.com/,Trash Panda,Trash Panda,11/21/2025,https://www.kilbycourt.com/,https://www.24tix.com/event/4n42iickybhmzdkekbm4f23qq4
Kilby Court,Small,Indoors,https://www.kilbycourt.com/,Doublecamp,Doublecamp,12/6/2025,https://www.kilbycourt.com/,https://www.24tix.com/event/s4ftzvonbrf73jcadpdnsysil4
Kilby Court,Small,Indoors,https://www.kilbycourt.com/,Post Animal,Post Animal,12/15/2025,https://www.kilbycourt.com/,https://www.24tix.com/event/57irgfhu6jdljfaadzjpcsixty
Kingsbury Hall,Large,Indoors,https://artstickets.utah.edu/category/kingsbury-hall/,Randy Travis,The More Life Tour,8/29/2025,https://artstickets.utah.edu/events/randy-travis/,https://artstickets.utah.edu/event-details/#rnd-829
Kingsbury Hall,Large,Indoors,https://artstickets.utah.edu/category/kingsbury-hall/,"Tommy Emmanuel, CGP",Live in Concert,4/11/2026,https://artstickets.utah.edu/events/tommy-emmanuel/,https://artstickets.utah.edu/event-details/#tom-411
Kingsbury Hall,Large,Indoors,https://artstickets.utah.edu/category/kingsbury-hall/,Jack Schneider,Live in Concert,4/11/2026,https://artstickets.utah.edu/events/tommy-emmanuel/,https://artstickets.utah.edu/event-details/#tom-411
Odgen Amphitheater,Large,Outdoors,https://www.ogdentwilight.com/,Disclosure (DJ Set),Disclosure (DJ Set),6/12/2025,https://www.ogdentwilight.com/,https://www.24tix.com/event/r5fo5o4elrf57oh3rigzu42tdm
Odgen Amphitheater,Large,Outdoors,https://www.ogdentwilight.com/,1tbsp,1tbsp,6/12/2025,https://www.ogdentwilight.com/,https://www.24tix.com/event/r5fo5o4elrf57oh3rigzu42tdm
Odgen Amphitheater,Large,Outdoors,https://www.ogdentwilight.com/,Kaskade,Kaskade,6/20/2025,https://www.ogdentwilight.com/,https://www.24tix.com/event/kzwpyarfxbhwjechmfzy67ac5i
Odgen Amphitheater,Large,Outdoors,https://www.ogdentwilight.com/,Mr Tape,Mr Tape,6/20/2025,https://www.ogdentwilight.com/,https://www.24tix.com/event/kzwpyarfxbhwjechmfzy67ac5i
Odgen Amphitheater,Large,Outdoors,https://www.ogdentwilight.com/,Cop Kid,Cop Kid,6/20/2025,https://www.ogdentwilight.com/,https://www.24tix.com/event/kzwpyarfxbhwjechmfzy67ac5i
Odgen Amphitheater,Large,Outdoors,https://www.ogdentwilight.com/,Modest Mouse,Modest Mouse,6/28/2025,https://www.ogdentwilight.com/,https://www.24tix.com/event/dsuaazemhnh5fhyy3tngxc3ome
Odgen Amphitheater,Large,Outdoors,https://www.ogdentwilight.com/,Doug Martsch,Doug Martsch,6/28/2025,https://www.ogdentwilight.com/,https://www.24tix.com/event/dsuaazemhnh5fhyy3tngxc3ome
Odgen Amphitheater,Large,Outdoors,https://www.ogdentwilight.com/,Band Of Horses,Band Of Horses,7/30/2025,https://www.ogdentwilight.com/,https://www.24tix.com/event/lzvfxixcrbg4hj7b4kppgzzlxq
Odgen Amphitheater,Large,Outdoors,https://www.ogdentwilight.com/,Jamie xx,Jamie xx,8/7/2025,https://www.ogdentwilight.com/,https://www.24tix.com/event/d26fhx26mzaybambn56ag2lpaq
Odgen Amphitheater,Large,Outdoors,https://www.ogdentwilight.com/,SEES00000,SEES00000,8/7/2025,https://www.ogdentwilight.com/,https://www.24tix.com/event/d26fhx26mzaybambn56ag2lpaq
Odgen Amphitheater,Large,Outdoors,https://www.ogdentwilight.com/,The Head & The Heart,The Head & The Heart,8/13/2025,https://www.ogdentwilight.com/,https://www.24tix.com/event/5hm4qdxmhjhdrdp3a7k7sn7bvm
Odgen Amphitheater,Large,Outdoors,https://www.ogdentwilight.com/,Wilderado,Wilderado,8/13/2025,https://www.ogdentwilight.com/,https://www.24tix.com/event/5hm4qdxmhjhdrdp3a7k7sn7bvm
Odgen Amphitheater,Large,Outdoors,https://www.ogdentwilight.com/,Ingrid Andres,Ingrid Andres,8/13/2025,https://www.ogdentwilight.com/,https://www.24tix.com/event/5hm4qdxmhjhdrdp3a7k7sn7bvm
Odgen Amphitheater,Large,Outdoors,https://www.ogdentwilight.com/,Wilco,An Evening With Wilco,8/20/2025,https://www.ogdentwilight.com/,https://www.24tix.com/event/b4rwzkirbbgsfhuikb5j5bbl7q
Odgen Amphitheater,Large,Outdoors,https://www.ogdentwilight.com/,The Flaming Lips,The Flaming Lips,9/17/2025,https://www.ogdentwilight.com/,https://www.24tix.com/event/2fn5u63oo5bzhhk4oqnnynmjda
Odgen Amphitheater,Large,Outdoors,https://www.ogdentwilight.com/,Polo & Pan,Polo & Pan,9/25/2025,https://www.ogdentwilight.com/,https://www.24tix.com/event/26wmlsxktff3rbywx3x7km6o5i
Red Butte Garden,Large,Outdoors,https://redbuttegarden.org/concerts/,Saint Paul & The Broken Bones,Saint Paul & The Broken Bones,6/12/2025,https://redbuttegarden.org/concerts/,https://www.etix.com/ticket/p/40731028/stpaul-the-broken-bones-the-wood-brothers-with-cece-coakley-salt-lake-city-red-butte-garden-arboretum
Red Butte Garden,Large,Outdoors,https://redbuttegarden.org/concerts/,The Wood Brothers,The Wood Brothers,6/12/2025,https://redbuttegarden.org/concerts/,https://www.etix.com/ticket/p/40731028/stpaul-the-broken-bones-the-wood-brothers-with-cece-coakley-salt-lake-city-red-butte-garden-arboretum
Red Butte Garden,Large,Outdoors,https://redbuttegarden.org/concerts/,Cece Coakley,Cece Coakley,6/12/2025,https://redbuttegarden.org/concerts/,https://www.etix.com/ticket/p/40731028/stpaul-the-broken-bones-the-wood-brothers-with-cece-coakley-salt-lake-city-red-butte-garden-arboretum
Red Butte Garden,Large,Outdoors,https://redbuttegarden.org/concerts/,Drive-By Truckers,Charm & Decadence Tour,6/17/2025,https://redbuttegarden.org/concerts/,https://www.etix.com/ticket/p/34537585/driveby-truckers-deer-tick-with-thelma-and-the-sleaze-salt-lake-city-red-butte-garden-arboretum
Red Butte Garden,Large,Outdoors,https://redbuttegarden.org/concerts/,Deer Tick,Charm & Decadence Tour,6/17/2025,https://redbuttegarden.org/concerts/,https://www.etix.com/ticket/p/34537585/driveby-truckers-deer-tick-with-thelma-and-the-sleaze-salt-lake-city-red-butte-garden-arboretum
Red Butte Garden,Large,Outdoors,https://redbuttegarden.org/concerts/,Thelma and the Sleaze,Charm & Decadence Tour,6/17/2025,https://redbuttegarden.org/concerts/,https://www.etix.com/ticket/p/34537585/driveby-truckers-deer-tick-with-thelma-and-the-sleaze-salt-lake-city-red-butte-garden-arboretum
Red Butte Garden,Large,Outdoors,https://redbuttegarden.org/concerts/,Barenaked Ladies,Last Summer On Earth Tour,6/18/2025,https://redbuttegarden.org/concerts/,https://www.etix.com/ticket/p/58991820/barenaked-ladieslast-summer-on-earth-tour-with-gusterfastball-salt-lake-city-red-butte-garden-arboretum
Red Butte Garden,Large,Outdoors,https://redbuttegarden.org/concerts/,Guster,Last Summer On Earth Tour,6/18/2025,https://redbuttegarden.org/concerts/,https://www.etix.com/ticket/p/58991820/barenaked-ladieslast-summer-on-earth-tour-with-gusterfastball-salt-lake-city-red-butte-garden-arboretum
Red Butte Garden,Large,Outdoors,https://redbuttegarden.org/concerts/,Fastball,Last Summer On Earth Tour,6/18/2025,https://redbuttegarden.org/concerts/,https://www.etix.com/ticket/p/58991820/barenaked-ladieslast-summer-on-earth-tour-with-gusterfastball-salt-lake-city-red-butte-garden-arboretum
Red Butte Garden,Large,Outdoors,https://redbuttegarden.org/concerts/,Tash Sultana,Return To The Roots Tour,6/22/2025,https://redbuttegarden.org/concerts/,https://www.etix.com/ticket/p/68870479/tash-sultanareturn-to-the-roots-tour-with-lime-cordiale-salt-lake-city-red-butte-garden-arboretum
Red Butte Garden,Large,Outdoors,https://redbuttegarden.org/concerts/,Lime Cordiale,Return To The Roots Tour,6/22/2025,https://redbuttegarden.org/concerts/,https://www.etix.com/ticket/p/68870479/tash-sultanareturn-to-the-roots-tour-with-lime-cordiale-salt-lake-city-red-butte-garden-arboretum
Red Butte Garden,Large,Outdoors,https://redbuttegarden.org/concerts/,Little Feat,Little Feat,6/26/2025,https://redbuttegarden.org/concerts/,https://www.etix.com/ticket/p/63660320/little-feat-nitty-gritty-dirt-band-salt-lake-city-red-butte-garden-arboretum
Red Butte Garden,Large,Outdoors,https://redbuttegarden.org/concerts/,Nitty Gritty Dirt Band,Nitty Gritty Dirt Band,6/26/2025,https://redbuttegarden.org/concerts/,https://www.etix.com/ticket/p/63660320/little-feat-nitty-gritty-dirt-band-salt-lake-city-red-butte-garden-arboretum
Red Butte Garden,Large,Outdoors,https://redbuttegarden.org/concerts/,Watchhouse,Rituals Tour 2025,7/13/2025,https://redbuttegarden.org/concerts/,https://www.etix.com/ticket/p/54150481/watchhouse-with-frail-talk-salt-lake-city-red-butte-garden-arboretum
Red Butte Garden,Large,Outdoors,https://redbuttegarden.org/concerts/,Frail Talk,Rituals Tour 2025,7/13/2025,https://redbuttegarden.org/concerts/,https://www.etix.com/ticket/p/54150481/watchhouse-with-frail-talk-salt-lake-city-red-butte-garden-arboretum
Red Butte Garden,Large,Outdoors,https://redbuttegarden.org/concerts/,Houndmouth,Houndmouth,7/14/2025,https://redbuttegarden.org/concerts/,https://www.etix.com/ticket/p/43297865/houndmouth-shane-smith-the-saints-salt-lake-city-red-butte-garden-arboretum
Red Butte Garden,Large,Outdoors,https://redbuttegarden.org/concerts/,Shane Smith & The Saints,Shane Smith & The Saints,7/14/2025,https://redbuttegarden.org/concerts/,https://www.etix.com/ticket/p/43297865/houndmouth-shane-smith-the-saints-salt-lake-city-red-butte-garden-arboretum
Red Butte Garden,Large,Outdoors,https://redbuttegarden.org/concerts/,Coleman Jennings,Coleman Jennings,7/14/2025,https://redbuttegarden.org/concerts/,https://www.etix.com/ticket/p/43297865/houndmouth-shane-smith-the-saints-salt-lake-city-red-butte-garden-arboretum
Red Butte Garden,Large,Outdoors,https://redbuttegarden.org/concerts/,Rhiannon Giddens & The Old-Time Revue,Rhiannon Giddens & The Old-Time Revue,7/16/2025,https://redbuttegarden.org/concerts/,https://www.etix.com/ticket/p/73011608/rhiannon-giddens-the-oldtime-revue-with-sunny-war-salt-lake-city-red-butte-garden-arboretum
Red Butte Garden,Large,Outdoors,https://redbuttegarden.org/concerts/,Sunny War,Sunny War,7/16/2025,https://redbuttegarden.org/concerts/,https://www.etix.com/ticket/p/73011608/rhiannon-giddens-the-oldtime-revue-with-sunny-war-salt-lake-city-red-butte-garden-arboretum
Red Butte Garden,Large,Outdoors,https://redbuttegarden.org/concerts/,X,X,7/20/2025,https://redbuttegarden.org/concerts/,https://www.etix.com/ticket/p/43429542/x-los-lobos-salt-lake-city-red-butte-garden-arboretum
Red Butte Garden,Large,Outdoors,https://redbuttegarden.org/concerts/,Los Lobos,Los Lobos,7/20/2025,https://redbuttegarden.org/concerts/,https://www.etix.com/ticket/p/43429542/x-los-lobos-salt-lake-city-red-butte-garden-arboretum
Red Butte Garden,Large,Outdoors,https://redbuttegarden.org/concerts/,Alison Krauss & Union Station,Alison Krauss & Union Station,7/25/2025,https://redbuttegarden.org/concerts/,https://www.etix.com/ticket/p/52083605/alison-krauss-union-station-featuring-jerry-douglaswillie-watson-salt-lake-city-red-butte-garden-arboretum
Red Butte Garden,Large,Outdoors,https://redbuttegarden.org/concerts/,Willie Watson,Willie Watson,7/25/2025,https://redbuttegarden.org/concerts/,https://www.etix.com/ticket/p/52083605/alison-krauss-union-station-featuring-jerry-douglaswillie-watson-salt-lake-city-red-butte-garden-arboretum
Red Butte Garden,Large,Outdoors,https://redbuttegarden.org/concerts/,"Christone ""Kingfish"" Ingram & Samantha Fish",Gone Fishin' Tour,7/27/2025,https://redbuttegarden.org/concerts/,https://www.etix.com/ticket/p/44205654/christone-kingfishingram-samantha-fish-gone-fishintour-salt-lake-city-red-butte-garden-arboretum
Red Butte Garden,Large,Outdoors,https://redbuttegarden.org/concerts/,Toad the Wet Sprocket,Good Intentions Tour,7/28/2025,https://redbuttegarden.org/concerts/,https://www.etix.com/ticket/p/38230022/toad-the-wet-sprocketthe-jayhawkssixpence-none-the-richer-salt-lake-city-red-butte-garden-arboretum
Red Butte Garden,Large,Outdoors,https://redbuttegarden.org/concerts/,The Jayhawks,Good Intentions Tour,7/28/2025,https://redbuttegarden.org/concerts/,https://www.etix.com/ticket/p/38230022/toad-the-wet-sprocketthe-jayhawkssixpence-none-the-richer-salt-lake-city-red-butte-garden-arboretum
Red Butte Garden,Large,Outdoors,https://redbuttegarden.org/concerts/,Sixpence None the Richer,Good Intentions Tour,7/28/2025,https://redbuttegarden.org/concerts/,https://www.etix.com/ticket/p/38230022/toad-the-wet-sprocketthe-jayhawkssixpence-none-the-richer-salt-lake-city-red-butte-garden-arboretum
Red Butte Garden,Large,Outdoors,https://redbuttegarden.org/concerts/,Elephant Revival,Elephant Revival,7/30/2025,https://redbuttegarden.org/concerts/,https://www.etix.com/ticket/p/44660671/elephant-revival-with-two-runner-salt-lake-city-red-butte-garden-arboretum
Red Butte Garden,Large,Outdoors,https://redbuttegarden.org/concerts/,Two Runner,Two Runner,7/30/2025,https://redbuttegarden.org/concerts/,https://www.etix.com/ticket/p/44660671/elephant-revival-with-two-runner-salt-lake-city-red-butte-garden-arboretum
Red Butte Garden,Large,Outdoors,https://redbuttegarden.org/concerts/,DISPATCH w/ John Butler (with Band),DISPATCH w/ John Butler (with Band),8/5/2025,https://redbuttegarden.org/concerts/,https://www.etix.com/ticket/p/44689482/dispatch-wjohn-butler-with-bandglove-special-saucedonavon-frankenreiter-salt-lake-city-red-butte-garden-arboretum
Red Butte Garden,Large,Outdoors,https://redbuttegarden.org/concerts/,G. Love & Special Sauce,G. Love & Special Sauce,8/5/2025,https://redbuttegarden.org/concerts/,https://www.etix.com/ticket/p/44689482/dispatch-wjohn-butler-with-bandglove-special-saucedonavon-frankenreiter-salt-lake-city-red-butte-garden-arboretum
Red Butte Garden,Large,Outdoors,https://redbuttegarden.org/concerts/,Donavon Frankenreiter,Donavon Frankenreiter,8/5/2025,https://redbuttegarden.org/concerts/,https://www.etix.com/ticket/p/44689482/dispatch-wjohn-butler-with-bandglove-special-saucedonavon-frankenreiter-salt-lake-city-red-butte-garden-arboretum
Red Butte Garden,Large,Outdoors,https://redbuttegarden.org/concerts/,Rick Springfield,I Want My '80s Tour,8/6/2025,https://redbuttegarden.org/concerts/,https://www.etix.com/ticket/p/53969476/rick-springfields-i-want-my-80s-tour-with-john-waitewang-chungpaul-young-salt-lake-city-red-butte-garden-arboretum
Red Butte Garden,Large,Outdoors,https://redbuttegarden.org/concerts/,John Waite,I Want My '80s Tour,8/6/2025,https://redbuttegarden.org/concerts/,https://www.etix.com/ticket/p/53969476/rick-springfields-i-want-my-80s-tour-with-john-waitewang-chungpaul-young-salt-lake-city-red-butte-garden-arboretum
Red Butte Garden,Large,Outdoors,https://redbuttegarden.org/concerts/,Wang Chung,I Want My '80s Tour,8/6/2025,https://redbuttegarden.org/concerts/,https://www.etix.com/ticket/p/53969476/rick-springfields-i-want-my-80s-tour-with-john-waitewang-chungpaul-young-salt-lake-city-red-butte-garden-arboretum
Red Butte Garden,Large,Outdoors,https://redbuttegarden.org/concerts/,Paul Young,I Want My '80s Tour,8/6/2025,https://redbuttegarden.org/concerts/,https://www.etix.com/ticket/p/53969476/rick-springfields-i-want-my-80s-tour-with-john-waitewang-chungpaul-young-salt-lake-city-red-butte-garden-arboretum
Red Butte Garden,Large,Outdoors,https://redbuttegarden.org/concerts/,Michael Franti & Spearhead,Michael Franti & Spearhead,8/10/2025,https://redbuttegarden.org/concerts/,https://www.etix.com/ticket/p/85050017/michael-franti-spearhead-with-bombargo-salt-lake-city-red-butte-garden-arboretum
Red Butte Garden,Large,Outdoors,https://redbuttegarden.org/concerts/,Bombargo,Bombargo,8/10/2025,https://redbuttegarden.org/concerts/,https://www.etix.com/ticket/p/85050017/michael-franti-spearhead-with-bombargo-salt-lake-city-red-butte-garden-arboretum
Red Butte Garden,Large,Outdoors,https://redbuttegarden.org/concerts/,My Morning Jacket,My Morning Jacket,8/11/2025,https://redbuttegarden.org/concerts/,https://www.etix.com/ticket/p/62987691/my-morning-jacket-salt-lake-city-red-butte-garden-arboretum
Red Butte Garden,Large,Outdoors,https://redbuttegarden.org/concerts/,ZZ Top,The Elevation Tour,8/13/2025,https://redbuttegarden.org/concerts/,https://www.etix.com/ticket/p/40941208/zz-top-salt-lake-city-red-butte-garden-arboretum
Red Butte Garden,Large,Outdoors,https://redbuttegarden.org/concerts/,Tower of Power,Tower of Power,8/17/2025,https://redbuttegarden.org/concerts/,https://www.etix.com/ticket/p/36814300/tower-of-power-war-salt-lake-city-red-butte-garden-arboretum
Red Butte Garden,Large,Outdoors,https://redbuttegarden.org/concerts/,WAR,WAR,8/17/2025,https://redbuttegarden.org/concerts/,https://www.etix.com/ticket/p/36814300/tower-of-power-war-salt-lake-city-red-butte-garden-arboretum
Red Butte Garden,Large,Outdoors,https://redbuttegarden.org/concerts/,Ray LaMontagne,Trouble 20th Anniversary Tour,8/24/2025,https://redbuttegarden.org/concerts/,SOLD OUT
Red Butte Garden,Large,Outdoors,https://redbuttegarden.org/concerts/,The Weather Station,Trouble 20th Anniversary Tour,8/24/2025,https://redbuttegarden.org/concerts/,SOLD OUT
Red Butte Garden,Large,Outdoors,https://redbuttegarden.org/concerts/,Keb' Mo',Keb' Mo',8/25/2025,https://redbuttegarden.org/concerts/,https://www.etix.com/ticket/p/54642120/kebmoshawn-colvin-salt-lake-city-red-butte-garden-arboretum
Red Butte Garden,Large,Outdoors,https://redbuttegarden.org/concerts/,Shawn Colvin,Shawn Colvin,8/25/2025,https://redbuttegarden.org/concerts/,https://www.etix.com/ticket/p/54642120/kebmoshawn-colvin-salt-lake-city-red-butte-garden-arboretum
Red Butte Garden,Large,Outdoors,https://redbuttegarden.org/concerts/,Gregory Alan Isakov,Gregory Alan Isakov,9/4/2025,https://redbuttegarden.org/concerts/,SOLD OUT
Red Butte Garden,Large,Outdoors,https://redbuttegarden.org/concerts/,Dean Johnson,Dean Johnson,9/4/2025,https://redbuttegarden.org/concerts/,SOLD OUT
Red Butte Garden,Large,Outdoors,https://redbuttegarden.org/concerts/,Jon Batiste,The Big Money Tour,9/8/2025,https://redbuttegarden.org/concerts/,https://www.etix.com/ticket/p/44264603/the-big-money-tour-jon-batiste-plays-america-salt-lake-city-red-butte-garden-arboretum
Red Butte Garden,Large,Outdoors,https://redbuttegarden.org/concerts/,Train,Train,9/9/2025,https://redbuttegarden.org/concerts/,https://www.etix.com/ticket/p/46090466/train-with-edwin-mccain-salt-lake-city-red-butte-garden-arboretum
Red Butte Garden,Large,Outdoors,https://redbuttegarden.org/concerts/,Edwin McCain,Edwin McCain,9/9/2025,https://redbuttegarden.org/concerts/,https://www.etix.com/ticket/p/46090466/train-with-edwin-mccain-salt-lake-city-red-butte-garden-arboretum
Red Butte Garden,Large,Outdoors,https://redbuttegarden.org/concerts/,OK Go,And the Adjacent Possible Tour,9/14/2025,https://redbuttegarden.org/concerts/,https://www.etix.com/ticket/p/32530676/ok-go-with-bartees-strange-salt-lake-city-red-butte-garden-arboretum
Red Butte Garden,Large,Outdoors,https://redbuttegarden.org/concerts/,Bartees Strange,And the Adjacent Possible Tour,9/14/2025,https://redbuttegarden.org/concerts/,https://www.etix.com/ticket/p/32530676/ok-go-with-bartees-strange-salt-lake-city-red-butte-garden-arboretum
Red Butte Garden,Large,Outdoors,https://redbuttegarden.org/concerts/,Hermanos Gutiérrez,Hermanos Gutiérrez,9/16/2025,https://redbuttegarden.org/concerts/,https://www.etix.com/ticket/p/31923967/hermanos-guti%C3%A9rrez-salt-lake-city-red-butte-garden-arboretum